,Name,Current Team,overall_ratings,avg_rating_10_games,goals_per_90min,yels,reds,shoots_per_game,pass_success,tackles,fouls,offsides_won,clear,drb,blocks,key_pass,drb_won,fouls_given,offsides_given,dispossessed,turnover,total_pass,crosses,long_pass,Height,age,index,cluster,cluster 0,cluster 1,cluster 2,cluster 3,cluster 4,cluster 5,cluster 6,cluster 7,PCA 1,PCA 2
0,Aaron Hickey,Brentford,6.45,6.276,0.0,7.0,0.0,0.4,84.7,1.5,0.8,0.2,0.8,0.5,6.45,0.2,0.6,1.4,0.0,0.5,0.6,28.4,0.2,1.1,178.0,20.0,0,0,1,0,0,0,0,0,0,0,-1.1408363307446574,0.07147753409166882
1,Aaron Ramsdale,Arsenal,6.609999999999999,6.553,0.0,1.0,0.0,0.0,56.43333333333334,0.03333333333333333,0.0,0.0,0.9666666666666667,0.0,6.609999999999999,0.03333333333333333,0.03333333333333333,0.10000000000000002,0.0,0.0,0.03333333333333333,27.0,0.0,5.233333333333333,188.0,25.0,1,7,0,0,0,0,0,0,0,1,-3.9907774157698546,2.3277184334247827
2,Abdoulaye Doucouré,Everton,6.6433333333333335,6.7010000000000005,0.131501726412572,6.0,0.3333333333333333,0.8333333333333334,81.7,1.8666666666666665,0.9666666666666668,0.03333333333333333,0.7666666666666666,1.0999999999999999,6.6433333333333335,0.7000000000000001,0.7333333333333334,0.3666666666666667,0.09999999999999999,0.7000000000000001,1.2,34.6,0.03333333333333333,0.8000000000000002,184.0,30.0,2,0,1,0,0,0,0,0,0,0,0.51952274038074,-0.7693970481436994
3,Adam Forshaw,Leeds,6.26,6.252999999999999,0.0,2.5,0.0,0.3,83.25,1.65,0.85,0.05,0.35,1.1,6.26,0.5,0.5,0.55,0.05,0.35,0.8,26.0,0.15,1.6,174.0,31.0,3,5,0,0,0,0,0,1,0,0,-1.4006449839065205,1.1647152354538821
4,Adam Smith,Bournemouth,6.32,6.371,0.0,10.0,0.0,0.1,75.1,1.3,0.8,0.1,1.9,0.9,6.32,0.4,0.2,0.7,0.0,0.1,0.6,25.8,0.5,1.6,180.0,32.0,4,0,1,0,0,0,0,0,0,0,-2.028389824762951,0.037626889392400685
5,Adama Traoré,Wolverhampton,6.836666666666667,6.261999999999998,0.09364932980954473,2.0,0.0,0.9666666666666667,76.0,0.5333333333333333,0.7999999999999999,0.0,0.26666666666666666,0.20000000000000004,6.836666666666667,1.0333333333333334,3.1999999999999997,1.5333333333333332,0.3,1.3666666666666665,2.3666666666666667,15.166666666666666,0.5666666666666667,0.4000000000000001,178.0,27.0,5,3,0,0,0,1,0,0,0,0,4.070044274824821,1.5511039833999578
6,Ainsley Maitland-Niles,Southampton,6.473333333333334,6.441,0.0,1.6666666666666667,0.0,0.3,78.93333333333332,1.5,0.6,0.13333333333333333,1.2333333333333334,0.7999999999999999,6.473333333333334,0.3333333333333333,0.8000000000000002,0.5333333333333333,0.06666666666666667,0.9333333333333335,1.4000000000000001,25.900000000000002,0.19999999999999998,1.0666666666666667,177.0,25.0,6,5,0,0,0,0,0,1,0,0,-0.6865325211361399,0.9347517023859
7,Alexander Isak,Newcastle,7.08,7.142999999999999,0.6254343293954134,3.0,0.0,2.3,77.2,0.8,0.9,0.0,0.3,0.8,7.08,0.8,1.4,0.7,0.2,1.1,1.8,16.1,0.0,0.7,192.0,23.0,7,3,0,0,0,1,0,0,0,0,4.197829088171806,0.22966882002468206
8,Alisson,Liverpool,6.843333333333334,6.897000000000001,0.010101010101010102,0.6666666666666666,0.0,0.0,84.5,0.06666666666666667,0.0,0.0,1.2,0.06666666666666667,6.843333333333334,0.0,0.06666666666666667,0.13333333333333333,0.0,0.0,0.0,32.03333333333333,0.0,3.966666666666667,193.0,30.0,8,7,0,0,0,0,0,0,0,1,-3.3459573149098705,0.5611279567930136
9,Allan Saint-Maximin,Newcastle,6.993333333333333,6.744000000000002,0.13931220425581328,2.3333333333333335,0.0,1.3666666666666665,77.73333333333333,0.4666666666666666,0.43333333333333335,0.0,0.03333333333333333,0.3,6.993333333333333,1.2333333333333334,3.4,1.2666666666666666,0.20000000000000004,1.9666666666666668,2.266666666666667,17.366666666666667,0.2333333333333333,0.7000000000000001,173.0,26.0,9,3,0,0,0,1,0,0,0,0,4.737578467541542,0.9075459933260019
10,Amadou Onana,Everton,6.69,6.7299999999999995,0.03740648379052369,9.0,0.0,1.0,84.2,2.2,1.3,0.0,1.2,0.4,6.69,0.6,0.5,1.5,0.1,0.5,1.4,29.4,0.0,1.2,192.0,21.0,10,0,1,0,0,0,0,0,0,0,0.8175794183480297,-1.2660008498485855
11,Andrew Robertson,Liverpool,6.963333333333334,6.659000000000002,0.04427913814156632,3.3333333333333335,0.3333333333333333,0.5,84.60000000000001,1.1666666666666667,0.6333333333333333,0.39999999999999997,1.6333333333333335,0.6333333333333333,6.963333333333334,1.7,0.5333333333333333,0.3,0.16666666666666666,0.3333333333333333,0.9333333333333335,63.63333333333333,1.6000000000000003,1.9000000000000001,178.0,29.0,11,2,0,0,1,0,0,0,0,0,0.24496157801904056,-3.000037010965802
12,André Ayew,Nottingham Forest,6.08,6.097,0.0,1.0,0.0,0.3,72.9,0.4,0.3,0.0,0.6,0.2,6.08,0.1,0.1,0.7,0.1,0.3,0.3,5.8,0.0,0.0,175.0,33.0,12,5,0,0,0,0,0,1,0,0,-2.760625620250236,4.328218692133839
13,Anthony Gordon,Newcastle,6.5,6.162000000000002,0.1345583439218557,3.6666666666666665,0.0,1.1333333333333335,78.26666666666667,1.4666666666666668,0.8333333333333334,0.03333333333333333,0.26666666666666666,0.9,6.5,0.6,0.7666666666666666,1.0666666666666667,0.16666666666666666,0.9333333333333332,1.7333333333333334,14.933333333333332,0.3333333333333333,0.23333333333333336,183.0,22.0,13,1,0,1,0,0,0,0,0,0,1.3068585926583813,1.5263593081451112
14,Antonee Robinson,Fulham,6.795,6.725,0.0,6.0,0.5,0.25,75.95,1.65,0.8,0.25,2.05,0.6,6.795,0.8,1.4500000000000002,0.5,0.05,0.7,1.35,39.65,0.95,1.75,183.0,25.0,14,0,1,0,0,0,0,0,0,0,0.26166047711763196,-1.9576210899544317
15,Armando Broja,Chelsea,6.59,6.221999999999999,0.2725896012115093,2.0,0.0,1.4,61.4,0.4,0.9,0.0,0.3,0.2,6.59,0.3,1.0,0.8,0.4,1.6,2.1,12.4,0.0,0.0,191.0,21.0,15,1,0,1,0,0,0,0,0,0,2.182165890655961,3.525233022824954
16,Armel Bella-Kotchap,Southampton,6.71,6.711999999999999,0.0,4.0,0.0,0.6,80.3,1.5,0.4,0.3,4.5,0.2,6.71,0.3,0.2,1.4,0.0,0.3,0.4,38.6,0.0,2.0,190.0,21.0,16,4,0,0,0,0,1,0,0,0,-2.204914017280985,-1.3984281395860398
17,Ashley Young,Aston Villa,6.505,6.530000000000001,0.022069641981363415,4.5,0.0,0.45,78.75,1.25,0.75,0.2,1.55,0.30000000000000004,6.505,0.5,0.35,1.2,0.0,0.15000000000000002,0.55,27.45,0.3,1.4,175.0,37.0,17,0,1,0,0,0,0,0,0,0,-1.4957111705220731,0.16912812736712363
18,Ayoze Pérez,Real Betis,6.5,6.9049999999999985,0.18014638794833845,0.6666666666666666,0.3333333333333333,1.0,77.73333333333333,1.0,0.8333333333333334,0.03333333333333333,0.3,1.2333333333333332,6.5,1.0333333333333334,0.9,0.9666666666666667,0.09999999999999999,1.0999999999999999,1.3666666666666665,16.166666666666668,0.2333333333333333,0.26666666666666666,178.0,29.0,18,3,0,0,0,1,0,0,0,0,1.6899110247542966,1.0800196410744658
19,Ben Chilwell,Chelsea,7.013333333333333,6.527999999999999,0.24827354160138948,2.0,0.0,1.2,82.76666666666667,1.2,0.9666666666666667,0.13333333333333333,1.5666666666666667,0.5333333333333333,7.013333333333333,1.1333333333333333,0.43333333333333335,1.5333333333333332,0.2333333333333333,0.6333333333333333,1.4333333333333333,42.0,1.0,1.0999999999999999,178.0,26.0,19,2,0,0,1,0,0,0,0,0,2.141262321468991,-1.2743707602052357
20,Ben Godfrey,Everton,6.536666666666666,6.330000000000001,0.0,4.0,0.0,0.6,75.89999999999999,1.7666666666666666,0.6666666666666666,0.2333333333333333,3.3000000000000003,0.8666666666666666,6.536666666666666,0.26666666666666666,0.3,0.4666666666666666,0.06666666666666667,0.20000000000000004,0.9333333333333332,29.13333333333333,0.13333333333333333,0.9333333333333332,183.0,25.0,20,5,0,0,0,0,0,1,0,0,-1.880413974364137,-0.22979331633317937
21,Ben Mee,Brentford,6.946666666666666,6.8720000000000026,0.09946885645184979,2.6666666666666665,0.0,0.7666666666666666,72.8,1.1333333333333335,0.43333333333333335,0.5,4.166666666666667,0.39999999999999997,6.946666666666666,0.20000000000000004,0.19999999999999998,0.43333333333333335,0.03333333333333333,0.03333333333333333,0.3333333333333333,39.46666666666667,0.0,3.6,180.0,33.0,21,4,0,0,0,0,1,0,0,0,-2.5757186236771688,-1.89275771286513
22,Ben White,Arsenal,6.72,6.6819999999999995,0.02014775016789792,3.6666666666666665,0.3333333333333333,0.3333333333333333,84.73333333333333,1.4666666666666668,0.7000000000000001,0.43333333333333335,2.1999999999999997,0.7000000000000001,6.72,0.43333333333333335,0.39999999999999997,0.6333333333333334,0.0,0.26666666666666666,0.6333333333333333,52.23333333333333,0.13333333333333333,2.233333333333333,186.0,25.0,22,4,0,0,0,0,1,0,0,0,-1.9074126170944459,-2.0519703349231566
23,Benoît Badiashile,Chelsea,6.91,6.808,0.09955752212389381,2.0,0.0,0.5,89.7,1.3,0.8,0.2,3.0,0.5,6.91,0.3,0.1,0.5,0.0,0.3,0.2,77.7,0.0,3.5,194.0,22.0,23,4,0,0,0,0,1,0,0,0,-2.2153381480279175,-2.7988444557744865
24,Bernd Leno,Fulham,6.640000000000001,6.803,0.0,1.0,0.3333333333333333,0.0,71.8,0.09999999999999999,0.03333333333333333,0.0,0.9,0.03333333333333333,6.640000000000001,0.0,0.0,0.06666666666666667,0.0,0.0,0.0,29.0,0.0,4.366666666666667,189.0,31.0,24,7,0,0,0,0,0,0,0,1,-3.7628833188297977,1.4482189357933328
25,Bobby De Cordova-Reid,Fulham,6.49,6.090999999999999,0.16679515688883917,7.5,0.0,0.95,74.95,1.05,1.05,0.1,0.85,0.55,6.49,0.45,0.65,0.6,0.2,0.8,1.5,22.35,0.30000000000000004,0.7,170.0,30.0,25,0,1,0,0,0,0,0,0,0,0.4200446536523889,1.203197532256796
26,Boubacar Kamara,Aston Villa,6.57,6.476000000000001,0.0,4.0,0.0,0.2,84.6,2.4,1.3,0.0,1.0,1.2,6.57,0.3,0.6,1.2,0.0,0.6,0.8,39.5,0.0,2.0,184.0,23.0,26,0,1,0,0,0,0,0,0,0,-0.4860646249394323,-1.081595614374673
27,Brenden Aaronson,Leeds,6.43,6.388,0.03824904377390565,2.0,0.0,1.2,79.3,1.3,0.5,0.0,0.2,0.8,6.43,1.3,1.0,1.6,0.2,2.3,2.0,20.2,0.5,0.2,178.0,22.0,27,3,0,0,0,1,0,0,0,0,2.883831473154736,1.776125162955455
28,Brennan Johnson,Nottingham Forest,6.5,6.4030000000000005,0.2525429673798667,6.0,0.0,1.5,62.6,0.9,1.0,0.0,0.1,0.5,6.5,0.8,0.9,0.6,0.5,0.7,2.0,11.6,0.3,0.1,179.0,22.0,28,1,0,1,0,0,0,0,0,0,2.2044937663490813,2.551674669186047
29,Bruno Guimarães,Newcastle,7.13,7.275,0.2856544774454922,5.5,0.0,1.15,85.1,2.5,1.1,0.0,0.6499999999999999,0.95,7.13,1.0,1.4,2.3,0.1,1.7999999999999998,1.4,40.6,0.2,2.95,182.0,25.0,29,0,1,0,0,0,0,0,0,0,4.11232304277584,-3.030152779260345
30,Bryan Mbeumo,Brentford,6.865,7.354000000000001,0.20423367303498666,4.5,0.0,2.05,71.3,0.75,0.6499999999999999,0.0,0.4,0.65,6.865,1.15,1.15,0.8500000000000001,0.25,1.5,2.2,21.049999999999997,0.8,0.75,173.0,23.0,30,3,0,0,0,1,0,0,0,0,3.839000933019179,0.18616502529629014
31,Bukayo Saka,Arsenal,7.103333333333333,7.162000000000002,0.29309678572659065,4.333333333333333,0.0,2.2666666666666666,80.73333333333333,1.1666666666666667,1.0333333333333334,0.03333333333333333,0.5333333333333333,0.7333333333333334,7.103333333333333,1.6666666666666667,1.3666666666666665,1.7666666666666666,0.3666666666666667,1.3333333333333333,2.1999999999999997,30.433333333333334,0.9333333333333332,0.5666666666666668,178.0,21.0,31,6,0,0,0,0,0,0,1,0,5.612401563367766,-1.3918554232797427
32,Callum Wilson,Newcastle,6.786666666666666,7.369,0.6340111770303993,3.3333333333333335,0.0,2.0666666666666664,68.5,0.43333333333333335,1.2333333333333334,0.0,0.39999999999999997,0.23333333333333336,6.786666666666666,0.7000000000000001,0.6666666666666666,1.2666666666666666,0.7333333333333334,1.3666666666666665,2.8333333333333335,9.766666666666667,0.03333333333333333,0.10000000000000002,180.0,31.0,32,6,0,0,0,0,0,0,1,0,5.097892970068782,2.154607229320584
33,Calum Chambers,Aston Villa,6.5633333333333335,6.105999999999999,0.0361881785283474,1.0,0.0,0.4000000000000001,82.10000000000001,0.9333333333333332,0.7666666666666666,0.13333333333333333,2.6333333333333333,0.26666666666666666,6.5633333333333335,0.46666666666666673,0.13333333333333333,0.16666666666666666,0.0,0.20000000000000004,0.3666666666666667,35.0,0.26666666666666666,1.5999999999999999,182.0,28.0,33,5,0,0,0,0,0,1,0,0,-2.5847855456812403,0.5747310935264828
34,Carlos Alcaraz,Southampton,6.43,6.372999999999999,0.38095238095238093,3.0,0.0,1.4,77.5,0.5,0.9,0.0,0.5,0.8,6.43,0.2,0.6,0.8,0.1,1.3,1.6,15.2,0.0,0.2,176.0,20.0,34,1,0,1,0,0,0,0,0,0,1.2409833570648574,2.515056052358423
35,Carlos Vinícius,Fulham,6.355,6.595000000000001,0.3531027795733678,2.5,0.0,0.8,58.800000000000004,0.2,1.0,0.0,0.44999999999999996,0.05,6.355,0.25,0.25,0.4,0.2,0.8500000000000001,1.7999999999999998,5.85,0.0,0.05,190.0,28.0,35,1,0,1,0,0,0,0,0,0,0.23438236533811735,3.950708944150567
36,Cheikhou Kouyaté,Nottingham Forest,6.566666666666666,6.361999999999999,0.04440893215741601,3.3333333333333335,0.0,0.26666666666666666,78.10000000000001,1.6333333333333335,1.0666666666666667,0.13333333333333333,1.9333333333333333,0.5,6.566666666666666,0.26666666666666666,0.39999999999999997,0.5666666666666668,0.03333333333333333,0.3333333333333333,0.8000000000000002,25.666666666666668,0.0,1.4000000000000001,189.0,33.0,36,5,0,0,0,0,0,1,0,0,-1.556234919084034,0.22445101884952492
37,Chris Mepham,Bournemouth,6.58,6.904999999999999,0.0,7.0,0.0,0.3,83.7,1.7,0.6,0.5,5.6,0.4,6.58,0.2,0.1,0.3,0.0,0.1,0.2,39.3,0.0,1.8,193.0,25.0,37,4,0,0,0,0,1,0,0,0,-3.488581968073684,-2.352060844040097
38,Chris Richards,Crystal Palace,6.4,6.509,0.0,0.0,0.0,0.4,84.1,1.0,0.2,0.1,3.3,0.2,6.4,0.1,0.0,0.1,0.1,0.2,0.3,21.7,0.0,1.2,188.0,23.0,38,5,0,0,0,0,0,1,0,0,-3.321467169847156,1.5490032826818019
39,Christian Nørgaard,Brentford,6.95,6.722999999999999,0.0695414425391542,7.0,0.0,0.8500000000000001,78.1,2.75,1.6,0.05,1.7000000000000002,1.4,6.95,0.65,0.45,0.9,0.0,0.6,0.6499999999999999,41.8,0.1,1.75,187.0,29.0,39,0,1,0,0,0,0,0,0,0,0.6679363109621087,-3.075744035775082
40,Christian Pulisic,Chelsea,6.5633333333333335,6.206,0.24595958778027638,1.6666666666666667,0.0,1.2333333333333334,82.36666666666667,0.5666666666666667,0.5333333333333333,0.0,0.3,0.39999999999999997,6.5633333333333335,0.7000000000000001,1.1666666666666667,1.0999999999999999,0.10000000000000002,0.9333333333333335,1.9666666666666668,18.766666666666666,0.13333333333333333,0.3333333333333333,179.0,24.0,40,1,0,1,0,0,0,0,0,0,1.4806977722662222,2.2404420861919663
41,Ché Adams,Southampton,6.6933333333333325,6.386,0.27879966919861526,0.6666666666666666,0.0,1.5999999999999999,67.86666666666666,0.5666666666666667,1.0666666666666667,0.06666666666666667,0.6,0.3333333333333333,6.6933333333333325,0.9333333333333332,0.7000000000000001,1.2666666666666666,0.39999999999999997,1.0999999999999999,2.2666666666666666,16.5,0.03333333333333333,0.6333333333333333,175.0,26.0,41,1,0,1,0,0,0,0,0,0,2.674563260603084,2.2958006321152564
42,Clément Lenglet,Tottenham,6.51,6.715999999999999,0.0,4.0,0.0,0.5,87.7,1.4,0.8,0.4,2.2,0.7,6.51,0.2,0.2,0.6,0.0,0.2,0.5,55.9,0.2,3.0,186.0,27.0,42,4,0,0,0,0,1,0,0,0,-2.5262824833559625,-1.6302097698095765
43,Cody Gakpo,Liverpool,7.03,7.164,0.3770949720670391,0.0,0.0,1.8,78.7,1.1,1.3,0.0,0.1,1.1,7.03,1.1,1.1,1.7,0.4,1.8,2.0,17.8,0.1,0.4,193.0,24.0,43,6,0,0,0,0,0,0,1,0,5.213010067537749,0.06523363294362049
44,Conor Gallagher,Chelsea,6.753333333333333,6.489,0.16609241932717037,10.0,0.3333333333333333,1.0999999999999999,82.3,2.0,1.4333333333333333,0.0,0.6666666666666666,1.4666666666666666,6.753333333333333,0.8000000000000002,1.0,1.6666666666666667,0.06666666666666667,1.2333333333333334,1.6666666666666667,27.7,0.6333333333333333,1.1333333333333333,182.0,23.0,44,0,1,0,0,0,0,0,0,0,2.9474000044931588,-1.855340795885043
45,Craig Dawson,Wolverhampton,6.6025,6.475,0.06726521504905636,3.25,0.5,0.7,81.225,0.8,0.775,0.375,3.925,0.275,6.6025,0.1,0.07500000000000001,0.475,0.025,0.175,0.275,41.1,0.0,3.5,188.0,33.0,45,4,0,0,0,0,1,0,0,0,-3.0719279803493467,-0.9792270962887958
46,Cristian Romero,Tottenham,6.859999999999999,6.878,0.02437703141928494,8.5,0.5,0.35,87.2,2.65,1.4500000000000002,0.2,3.45,0.55,6.859999999999999,0.3,0.45,0.55,0.05,0.30000000000000004,0.6499999999999999,59.25,0.0,2.8,185.0,25.0,46,0,1,0,0,0,0,0,0,0,-1.2982067407445514,-4.105248038922793
47,Crysencio Summerville,Leeds,6.46,6.359,0.2538787023977433,4.0,0.0,1.0,77.9,1.1,0.8,0.0,0.3,0.4,6.46,0.6,0.9,1.5,0.3,1.3,1.6,14.0,0.1,0.3,174.0,21.0,47,1,0,1,0,0,0,0,0,0,1.8624969767552115,2.2080402927588723
48,Curtis Jones,Liverpool,6.716666666666666,7.086999999999999,0.1520700818278989,1.3333333333333333,0.0,0.9666666666666668,91.13333333333333,1.0999999999999999,0.7666666666666666,0.0,0.3666666666666667,0.6,6.716666666666666,0.6333333333333333,1.0666666666666667,0.9,0.06666666666666667,1.3333333333333333,1.1,38.63333333333333,0.06666666666666667,0.9,185.0,22.0,48,3,0,0,0,1,0,0,0,0,1.2914951387613733,-0.16191096881933367
49,César Azpilicueta,Chelsea,6.75,6.239,0.02815020923493151,3.6666666666666665,0.3333333333333333,0.3666666666666667,85.39999999999999,1.8,1.0333333333333334,0.10000000000000002,2.1666666666666665,0.6333333333333333,6.75,0.7000000000000001,0.3666666666666667,0.3333333333333333,0.13333333333333333,0.26666666666666666,0.6333333333333333,55.666666666666664,0.26666666666666666,1.2333333333333334,178.0,33.0,49,0,1,0,0,0,0,0,0,0,-1.1893795999411652,-1.5302874316065591
50,Dan Burn,Newcastle,6.83,6.795,0.04017218895446099,4.75,0.0,0.6,78.57499999999999,1.55,1.025,0.25,3.775,0.725,6.83,0.325,0.175,0.175,0.15,0.2,0.675,41.2,0.1,1.475,198.0,31.0,50,4,0,0,0,0,1,0,0,0,-1.5288488055408753,-1.869322213238591
51,Dango Ouattara,Bournemouth,6.78,6.693,0.07785467128027682,1.0,0.0,1.4,65.2,1.6,0.3,0.1,1.6,0.9,6.78,1.0,1.7,0.8,0.4,0.8,2.1,15.3,0.6,0.6,177.0,21.0,51,3,0,0,0,1,0,0,0,0,2.4422092499761723,0.8891513187422827
52,Daniel Iversen,Leicester,6.26,6.290000000000001,0.0,0.0,0.0,0.0,48.3,0.0,0.0,0.0,0.8,0.0,6.26,0.0,0.0,0.0,0.0,0.0,0.0,27.1,0.0,4.0,193.0,25.0,52,7,0,0,0,0,0,0,0,1,-4.55232149567357,3.9729411599508686
53,Daniel Podence,Wolverhampton,6.653333333333333,6.381000000000001,0.1955030285638887,3.3333333333333335,0.0,1.3,74.10000000000001,0.6666666666666666,0.5666666666666667,0.0,0.10000000000000002,0.6666666666666666,6.653333333333333,1.1333333333333333,1.2333333333333334,0.9333333333333332,0.13333333333333333,1.0666666666666667,1.4333333333333333,21.900000000000002,0.43333333333333335,1.2,165.0,27.0,53,3,0,0,0,1,0,0,0,0,1.8550096044938431,1.4073436895543083
54,Danilo,Nottingham Forest,6.71,6.776000000000001,0.2746693794506612,1.0,0.0,1.2,64.3,1.4,0.3,0.2,1.4,1.5,6.71,0.7,1.1,0.2,0.2,0.6,1.5,17.5,0.0,1.1,176.0,22.0,54,3,0,0,0,1,0,0,0,0,0.907414675910527,0.8451707110618161
55,Danny Ward,Leicester,6.46,6.636,0.0,0.0,0.0,0.0,70.5,0.0,0.0,0.0,0.7,0.1,6.46,0.0,0.0,0.2,0.0,0.0,0.0,30.2,0.0,4.6,191.0,29.0,55,7,0,0,0,0,0,0,0,1,-4.024237246269076,2.3417573207230054
56,Darwin Núñez,Liverpool,6.79,6.388,0.47619047619047616,1.0,1.0,2.9,67.1,0.4,0.9,0.0,0.4,0.4,6.79,1.0,0.6,0.6,0.6,0.9,1.4,12.8,0.0,0.6,187.0,23.0,56,1,0,1,0,0,0,0,0,0,3.2316967153693676,2.2881776755835777
57,David Raya,Brentford,6.885,6.901000000000001,0.0,1.0,0.0,0.0,62.6,0.0,0.0,0.0,0.6,0.05,6.885,0.05,0.0,0.15000000000000002,0.0,0.0,0.05,39.4,0.0,10.75,183.0,27.0,57,7,0,0,0,0,0,0,0,1,-4.110736352427796,0.3884498230357821
58,Dean Henderson,Nottingham Forest,6.61,6.765000000000001,0.0,2.5,0.0,0.0,62.1,0.05,0.05,0.0,0.8,0.05,6.61,0.0,0.0,0.05,0.0,0.0,0.05,25.5,0.0,4.300000000000001,188.0,26.0,58,7,0,0,0,0,0,0,0,1,-3.741667222575888,1.9581737234992276
59,Dejan Kulusevski,Tottenham,6.98,6.644,0.22231645643110554,2.5,0.0,1.45,84.30000000000001,1.2000000000000002,1.15,0.0,0.15000000000000002,0.95,6.98,1.5,1.5499999999999998,0.8,0.15000000000000002,1.35,2.35,24.0,0.5,0.3,186.0,23.0,59,3,0,0,0,1,0,0,0,0,4.074752202056541,-0.4351923149442425
60,Dele Alli,Besiktas,6.426666666666667,6.458999999999999,0.04559270516717325,1.3333333333333333,0.0,0.5,77.89999999999999,1.0666666666666667,0.9,0.0,0.7999999999999999,0.7999999999999999,6.426666666666667,0.4666666666666666,0.7999999999999999,0.8333333333333334,0.16666666666666666,1.1666666666666667,1.2,19.099999999999998,0.10000000000000002,0.39999999999999997,188.0,27.0,60,5,0,0,0,0,0,1,0,0,0.27483354740024385,1.8040015653720085
61,Demarai Gray,Everton,6.6899999999999995,6.616999999999999,0.16989006942983378,3.0,0.0,1.7999999999999998,81.35,0.95,0.55,0.0,0.45,0.4,6.6899999999999995,1.2,1.3,1.2,0.25,1.55,2.35,19.4,1.05,0.8,180.0,26.0,61,3,0,0,0,1,0,0,0,0,3.514959362992331,1.006051008236151
62,Diego Costa,Wolverhampton,6.24,6.332,0.07211538461538461,5.0,1.0,1.2,73.5,0.1,1.3,0.0,0.7,0.3,6.24,0.5,0.2,0.4,0.7,1.1,1.0,9.3,0.0,0.0,188.0,34.0,62,1,0,1,0,0,0,0,0,0,0.5707312224558179,3.0945971164594024
63,Diego Llorente,Roma,6.6499999999999995,6.567,0.06327152632740733,3.0,0.0,0.5666666666666668,82.7,1.9333333333333333,0.8666666666666667,0.5333333333333333,2.733333333333333,0.6333333333333333,6.6499999999999995,0.13333333333333333,0.3333333333333333,0.5666666666666668,0.0,0.2333333333333333,0.7333333333333334,49.93333333333334,0.0,2.9,186.0,29.0,63,4,0,0,0,0,1,0,0,0,-2.297317695500535,-1.8758938378841838
64,Diogo Jota,Liverpool,6.88,6.803999999999999,0.5760368921802468,2.3333333333333335,0.0,2.1666666666666665,74.93333333333334,0.9,1.1333333333333333,0.0,0.26666666666666666,1.2666666666666666,6.88,0.8333333333333334,0.8666666666666667,0.9666666666666668,0.10000000000000002,0.9666666666666668,1.8,20.166666666666668,0.10000000000000002,0.26666666666666666,178.0,26.0,64,3,0,0,0,1,0,0,0,0,3.6135696100885317,0.50389847059332
65,Dominic Solanke,Bournemouth,6.82,7.090000000000001,0.19403521379805966,1.0,0.0,2.3,69.8,0.5,1.2,0.1,1.3,0.5,6.82,0.7,1.4,1.6,0.3,2.3,4.0,15.5,0.0,0.3,187.0,25.0,65,6,0,0,0,0,0,0,1,0,5.210396664315954,1.2831503204153158
66,Donny van de Beek,Manchester United,6.41,6.164000000000001,0.18035384738826926,1.0,0.0,0.39999999999999997,85.4,1.4500000000000002,0.65,0.0,0.44999999999999996,0.7,6.41,0.25,0.4,0.2,0.0,0.65,0.6499999999999999,24.5,0.0,0.3,184.0,26.0,66,5,0,0,0,0,0,1,0,0,-1.3385801997961717,1.8005601432685403
67,Douglas Luiz,Aston Villa,6.786666666666666,7.108,0.0748199913099253,7.0,0.6666666666666666,0.7999999999999999,86.39999999999999,1.7333333333333334,1.3666666666666665,0.03333333333333333,0.7999999999999999,1.2,6.786666666666666,0.9666666666666667,0.6999999999999998,1.2666666666666666,0.03333333333333333,0.6333333333333333,1.0999999999999999,43.93333333333334,0.43333333333333335,2.3666666666666667,175.0,25.0,67,0,1,0,0,0,0,0,0,0,1.3384911931672918,-2.823965516091702
68,Dwight McNeil,Everton,6.9433333333333325,7.483999999999999,0.10660228651597109,2.3333333333333335,0.0,1.1333333333333333,77.8,1.7333333333333334,0.43333333333333335,0.0,0.6666666666666666,1.0666666666666667,6.9433333333333325,1.2666666666666666,1.9000000000000001,0.8666666666666667,0.03333333333333333,1.4333333333333333,1.7333333333333334,25.3,1.2666666666666666,1.4333333333333333,183.0,23.0,68,3,0,0,0,1,0,0,0,0,3.3773911638480247,-1.4163999470373108
69,Eberechi Eze,Crystal Palace,6.783333333333332,7.657999999999999,0.21399767295766425,2.3333333333333335,0.0,1.2333333333333334,82.86666666666667,0.9,0.5333333333333333,0.0,0.16666666666666666,0.5,6.783333333333332,1.2,1.6333333333333335,1.5,0.03333333333333333,1.0999999999999999,1.6666666666666667,27.03333333333333,0.6333333333333333,0.7999999999999999,178.0,24.0,69,3,0,0,0,1,0,0,0,0,3.0671185660606497,-0.3602422424580345
70,Eddie Nketiah,Arsenal,6.463333333333334,6.305000000000001,0.4393908453536797,2.0,0.0,1.1666666666666667,80.60000000000001,0.3333333333333333,0.7999999999999999,0.0,0.2333333333333333,0.13333333333333333,6.463333333333334,0.4666666666666666,0.5333333333333333,0.7333333333333334,0.16666666666666666,0.5,1.0,8.200000000000001,0.03333333333333333,0.03333333333333333,175.0,24.0,70,1,0,1,0,0,0,0,0,0,0.45442516599007937,3.0695642345483223
71,Ederson,Manchester City,6.580000000000001,6.82,0.0,3.0,0.0,0.0,84.86666666666666,0.10000000000000002,0.0,0.0,0.5666666666666667,0.03333333333333333,6.580000000000001,0.0,0.0,0.10000000000000002,0.0,0.0,0.03333333333333333,27.96666666666667,0.0,4.5,188.0,29.0,71,7,0,0,0,0,0,0,0,1,-3.712165644462558,1.2227987677788685
72,Elliot Anderson,Newcastle,6.26,6.33,0.0,0.0,0.0,0.5,77.0,0.5,0.3,0.0,0.0,0.3,6.26,0.4,0.4,0.4,0.0,0.4,0.4,7.7,0.1,0.1,179.0,20.0,72,5,0,0,0,0,0,1,0,0,-2.0212287953014543,3.501213543154588
73,Emerson Royal,Tottenham,6.805,6.748,0.07428688643849896,3.5,0.5,0.6,82.69999999999999,2.15,0.8500000000000001,0.1,2.35,0.75,6.805,0.65,0.55,1.35,0.05,0.7,0.8500000000000001,34.45,0.4,0.95,181.0,24.0,73,0,1,0,0,0,0,0,0,0,0.2975371762552005,-1.7475947513547707
74,Emiliano Buendía,Aston Villa,6.73,6.766,0.18830916402472175,0.5,0.0,1.3,80.05,1.25,0.85,0.0,0.35,1.15,6.73,1.25,0.9,1.25,0.05,1.4,1.45,25.5,0.05,1.0,172.0,26.0,74,3,0,0,0,1,0,0,0,0,2.3742823031597706,0.3037297922671007
75,Emiliano Martínez,Aston Villa,6.836666666666666,7.087999999999998,0.0,4.0,0.0,0.0,68.39999999999999,0.03333333333333333,0.0,0.0,0.5,0.06666666666666667,6.836666666666666,0.06666666666666667,0.0,0.20000000000000004,0.0,0.0,0.03333333333333333,30.133333333333336,0.0,6.166666666666667,195.0,30.0,75,7,0,0,0,0,0,0,0,1,-3.382006145401207,0.5300969552075805
76,Emmanuel Dennis,Nottingham Forest,6.66,6.566000000000001,0.3028029372172851,5.0,0.5,1.4500000000000002,69.65,1.2,1.25,0.0,0.30000000000000004,0.8,6.66,0.7,1.55,1.4,0.30000000000000004,1.6,2.45,13.2,0.15000000000000002,0.25,175.0,25.0,76,6,0,0,0,0,0,0,1,0,3.91061815830444,1.1476217341275579
77,Enzo Fernández,Chelsea,6.8,6.5059999999999985,0.0,3.0,0.0,1.0,89.1,2.6,0.6,0.1,0.6,1.9,6.8,1.1,0.9,1.2,0.1,0.7,1.4,78.1,0.1,7.2,178.0,22.0,77,0,1,0,0,0,0,0,0,0,0.4557115559119535,-3.4045236081715733
78,Ethan Pinnock,Brentford,7.01,7.083000000000001,0.05116178011809514,0.5,0.0,0.45,77.6,1.65,0.25,0.6499999999999999,5.9,0.30000000000000004,7.01,0.3,0.2,0.35,0.0,0.2,0.30000000000000004,40.3,0.1,1.8,187.0,30.0,78,4,0,0,0,0,1,0,0,0,-2.877006434142144,-2.774210167669253
79,Ezri Konsa,Aston Villa,6.586666666666666,6.741000000000002,0.04296515872629314,4.333333333333333,0.6666666666666666,0.43333333333333335,86.66666666666667,0.9,0.4666666666666666,0.5333333333333333,3.4333333333333336,0.13333333333333333,6.586666666666666,0.13333333333333333,0.16666666666666666,1.4666666666666668,0.0,0.16666666666666666,0.39999999999999997,40.0,0.03333333333333333,1.5666666666666667,183.0,25.0,79,4,0,0,0,0,1,0,0,0,-2.538692125172113,-1.4130004377481893
80,Fabian Schär,Newcastle,6.713333333333334,6.994,0.06144112967655258,5.0,0.3333333333333333,1.0333333333333334,74.8,0.8666666666666667,0.9,0.3666666666666667,3.4333333333333336,0.4666666666666666,6.713333333333334,0.3,0.23333333333333336,0.6666666666666666,0.13333333333333333,0.2333333333333333,0.43333333333333335,40.699999999999996,0.03333333333333333,4.333333333333333,186.0,31.0,80,4,0,0,0,0,1,0,0,0,-1.8313912118715898,-1.670958562096805
81,Fabinho,Liverpool,6.843333333333334,6.907000000000001,0.06476683937823834,8.0,0.0,0.5,88.8,1.8,1.3,0.2333333333333333,1.366666666666667,1.2,6.843333333333334,0.39999999999999997,0.26666666666666666,0.8666666666666667,0.0,0.3,0.6333333333333333,58.0,0.0,2.5,188.0,29.0,81,0,1,0,0,0,0,0,0,0,-0.6619018934179248,-3.308131280626274
82,Facundo Buonanotte,Brighton,6.32,6.372000000000001,0.18947368421052632,1.0,0.0,0.9,82.5,0.2,0.7,0.0,0.2,1.6,6.32,0.5,0.6,0.5,0.3,0.2,0.8,14.8,0.3,0.8,174.0,18.0,82,5,0,0,0,0,0,1,0,0,-0.030069168145867804,2.43572903989271
83,Felipe,Nottingham Forest,7.06,6.984,0.0,4.0,0.0,0.8,73.0,2.6,0.9,0.3,5.6,1.1,7.06,0.4,0.9,0.7,0.3,0.3,0.8,34.8,0.0,1.8,190.0,34.0,83,4,0,0,0,0,1,0,0,0,-0.28282227730581516,-3.2371437926148716
84,Fraser Forster,Tottenham,6.636666666666667,6.566,0.0,0.6666666666666666,0.0,0.0,59.13333333333333,0.06666666666666667,0.03333333333333333,0.0,1.5333333333333332,0.06666666666666667,6.636666666666667,0.0,0.0,0.26666666666666666,0.0,0.0,0.03333333333333333,26.266666666666666,0.0,4.766666666666667,201.0,35.0,84,7,0,0,0,0,0,0,0,1,-3.8824231259194426,2.073768337568131
85,Fábio Vieira,Arsenal,6.32,6.439,0.18518518518518517,0.0,0.0,0.7,84.2,0.3,0.1,0.0,0.1,0.1,6.32,0.6,0.3,0.2,0.0,0.4,0.6,12.4,0.2,0.2,170.0,23.0,85,5,0,0,0,0,0,1,0,0,-1.5932756390192009,3.2992622448728026
86,Gabriel Jesus,Arsenal,7.216666666666666,7.074000000000001,0.40986103689257947,3.0,0.0,2.4,83.56666666666666,0.7999999999999999,1.2,0.0,0.26666666666666666,0.6333333333333333,7.216666666666666,1.2333333333333334,1.7,1.5666666666666667,0.5333333333333333,1.6333333333333335,2.6333333333333333,25.666666666666668,0.06666666666666667,0.4666666666666666,175.0,26.0,86,6,0,0,0,0,0,0,1,0,6.276614155974499,-0.4728587059156323
87,Gabriel Magalhães,Arsenal,6.773333333333333,6.7090000000000005,0.10603712478403389,4.333333333333333,0.6666666666666666,0.7999999999999999,88.26666666666667,1.2666666666666666,0.7666666666666666,0.6,3.1666666666666665,0.26666666666666666,6.773333333333333,0.16666666666666666,0.13333333333333333,1.0666666666666667,0.0,0.16666666666666666,0.39999999999999997,62.93333333333334,0.0,2.3333333333333335,190.0,25.0,87,4,0,0,0,0,1,0,0,0,-2.2470331841799442,-2.897050862346361
88,Gabriel Martinelli,Arsenal,6.923333333333333,7.302,0.35887447318952287,1.3333333333333333,0.3333333333333333,1.8,80.66666666666667,0.7666666666666666,0.8333333333333334,0.0,0.3,0.5,6.923333333333333,1.1333333333333333,1.4000000000000001,0.6666666666666666,0.19999999999999998,1.0999999999999999,1.9666666666666668,18.5,0.43333333333333335,0.5666666666666667,178.0,21.0,88,3,0,0,0,1,0,0,0,0,3.569122707296013,0.19161927534041773
89,Gavin Bazunu,Southampton,6.44,6.328000000000001,0.0,0.0,0.0,0.0,55.9,0.0,0.0,0.0,1.2,0.0,6.44,0.0,0.0,0.1,0.0,0.0,0.0,32.1,0.0,7.3,189.0,21.0,89,7,0,0,0,0,0,0,0,1,-4.706259331593119,2.708033152842903
90,Gonçalo Guedes,Benfica,6.38,6.431,0.1267605633802817,1.0,0.0,1.5,75.0,0.6,0.8,0.0,0.2,0.2,6.38,0.7,0.4,1.8,0.4,0.5,1.3,13.2,0.5,0.6,179.0,26.0,90,1,0,1,0,0,0,0,0,0,1.211232851796675,2.848155026030459
91,Granit Xhaka,Arsenal,6.78,7.094000000000001,0.07597735179718404,7.333333333333333,0.6666666666666666,0.9,87.8,1.2333333333333334,1.0333333333333334,0.06666666666666667,1.0999999999999999,0.8333333333333334,6.78,1.0,0.4666666666666666,1.0,0.06666666666666667,0.6666666666666666,0.7999999999999999,56.9,0.16666666666666666,2.6999999999999997,186.0,30.0,91,0,1,0,0,0,0,0,0,0,0.41957956123624096,-2.6577188677150003
92,Hakim Ziyech,Chelsea,6.6933333333333325,6.364000000000001,0.14196363074784757,2.3333333333333335,0.0,1.5666666666666664,77.89999999999999,0.8333333333333334,0.8333333333333334,0.03333333333333333,0.19999999999999998,0.6666666666666666,6.6933333333333325,1.2,0.9333333333333332,0.9333333333333332,0.20000000000000004,0.7999999999999999,1.3333333333333333,24.7,0.6666666666666666,0.9666666666666668,180.0,30.0,92,3,0,0,0,1,0,0,0,0,1.890063152386677,0.894546420780904
93,Harrison Reed,Fulham,6.585,6.56,0.04723582925122463,5.0,0.0,0.5,82.9,1.6,1.2000000000000002,0.0,0.8,1.15,6.585,0.8,0.4,0.7,0.05,0.5,0.8999999999999999,40.400000000000006,0.30000000000000004,1.35,181.0,28.0,93,0,1,0,0,0,0,0,0,0,-0.09393745364179507,-0.7653912800450235
94,Harry Kane,Tottenham,7.57,7.409999999999999,0.634479565285015,4.0,0.0,3.6333333333333333,70.7,0.4666666666666666,0.8666666666666667,0.06666666666666667,0.8666666666666667,0.39999999999999997,7.57,1.4333333333333333,1.3333333333333333,1.5666666666666667,0.4000000000000001,1.5666666666666667,2.1,23.833333333333332,0.20000000000000004,1.8666666666666665,188.0,29.0,94,6,0,0,0,0,0,0,1,0,6.787638577788869,-1.315825220538635
95,Harry Souttar,Leicester,6.64,6.647,0.0,2.0,0.0,0.7,81.4,1.3,0.4,0.3,3.8,0.9,6.64,0.3,0.3,0.4,0.1,0.0,0.3,45.7,0.0,1.8,198.0,24.0,95,4,0,0,0,0,1,0,0,0,-2.543993104262914,-1.0683849362278997
96,Harry Wilson,Fulham,6.45,6.913000000000001,0.17424975798644723,1.0,0.0,0.6,80.2,0.7,0.4,0.0,0.4,0.4,6.45,0.4,0.4,1.1,0.1,0.5,0.7,12.8,0.1,0.7,173.0,26.0,96,5,0,0,0,0,0,1,0,0,-0.49292556476239324,2.0999875895706612
97,Harvey Barnes,Leicester,6.8,6.656999999999999,0.36077318838457256,1.6666666666666667,0.0,2.1333333333333333,74.83333333333333,0.8666666666666667,0.7999999999999999,0.0,0.3,0.6666666666666666,6.8,0.7999999999999999,1.1333333333333335,1.0,0.16666666666666666,1.2333333333333334,2.1,22.433333333333334,0.16666666666666666,0.4333333333333333,174.0,25.0,97,3,0,0,0,1,0,0,0,0,3.188452079662188,1.2164087153887189
98,Harvey Elliott,Liverpool,6.545,6.552,0.028445006321112517,0.5,0.0,1.35,83.45,0.65,0.4,0.0,0.25,0.9,6.545,1.1,0.44999999999999996,0.9,0.05,0.35,1.05,35.150000000000006,0.35,1.0,170.0,20.0,98,5,0,0,0,0,0,1,0,0,0.0940412352533859,0.9543125270994212
99,Hugo Bueno,Wolverhampton,6.46,6.343,0.0,1.0,0.0,0.2,84.6,1.6,0.3,0.0,1.5,0.8,6.46,0.8,0.7,0.4,0.1,0.5,0.8,24.4,0.9,0.3,180.0,20.0,99,5,0,0,0,0,0,1,0,0,-0.8405015031706798,0.906476312071655
100,Hugo Lloris,Tottenham,6.71,6.403999999999999,0.0,0.6666666666666666,0.0,0.0,73.2,0.0,0.0,0.0,0.7333333333333334,0.03333333333333333,6.71,0.03333333333333333,0.0,0.10000000000000002,0.0,0.0,0.06666666666666667,23.03333333333333,0.0,4.433333333333334,188.0,36.0,100,7,0,0,0,0,0,0,0,1,-3.697267363422434,1.9402345219450137
101,Hwang Hee-Chan,Wolverhampton,6.43,6.542,0.2504897288600806,1.5,0.0,0.8,79.55,0.8500000000000001,0.85,0.0,0.2,0.75,6.43,0.4,0.8,1.0499999999999998,0.05,0.8,1.25,15.2,0.1,0.44999999999999996,177.0,27.0,101,5,0,0,0,0,0,1,0,0,0.5842833205693242,2.043279997245948
102,Ibrahima Konaté,Liverpool,6.84,6.869999999999999,0.0,3.5,0.0,0.5,87.65,1.8,1.25,0.9,3.25,0.44999999999999996,6.84,0.05,0.4,0.55,0.05,0.15000000000000002,0.55,65.5,0.0,2.0,194.0,24.0,102,4,0,0,0,0,1,0,0,0,-2.416285649537931,-3.809436787844616
103,Illan Meslier,Leeds,6.6499999999999995,5.836000000000001,0.0,1.6666666666666667,0.0,0.0,67.43333333333334,0.03333333333333333,0.0,0.0,1.3,0.03333333333333333,6.6499999999999995,0.0,0.03333333333333333,0.19999999999999998,0.0,0.0,0.06666666666666667,28.333333333333332,0.0,4.133333333333334,197.0,23.0,103,7,0,0,0,0,0,0,0,1,-4.016897849825658,2.3352783240674433
104,Ivan Perisic,Tottenham,6.74,7.026999999999999,0.04261363636363636,6.0,0.0,0.9,72.3,1.2,0.9,0.0,1.2,0.6,6.74,1.4,0.5,0.2,0.2,0.4,1.0,23.0,1.4,1.1,186.0,34.0,104,2,0,0,1,0,0,0,0,0,0.973353423720916,-0.6038301039390686
105,Ivan Toney,Brentford,7.265000000000001,6.8950000000000005,0.49026316340708986,8.5,0.0,2.75,60.45,0.85,1.55,0.0,1.2000000000000002,0.65,7.265000000000001,1.05,0.6,2.3,0.8,1.35,3.15,22.25,0.15000000000000002,0.4,179.0,27.0,105,6,0,0,0,0,0,0,1,0,6.863807855820735,-0.3646167405096849
106,Jack Harrison,Leeds,6.78,6.602000000000001,0.2199098794573456,2.3333333333333335,0.0,1.2,71.66666666666667,1.5,0.8666666666666667,0.03333333333333333,0.5333333333333333,1.1,6.78,1.4333333333333333,1.3666666666666665,0.7999999999999999,0.16666666666666666,1.7666666666666666,2.566666666666667,26.099999999999998,0.8666666666666667,0.7333333333333334,175.0,26.0,106,3,0,0,0,1,0,0,0,0,3.777204091616209,0.2052019757683912
107,Jack Stephens,Bournemouth,6.510000000000001,6.530999999999999,0.0,2.6666666666666665,0.0,0.13333333333333333,80.2,1.5333333333333332,0.5333333333333333,0.5,3.466666666666667,0.7999999999999999,6.510000000000001,0.3,0.16666666666666666,0.26666666666666666,0.0,0.16666666666666666,0.39999999999999997,45.1,0.03333333333333333,2.6999999999999997,185.0,29.0,107,4,0,0,0,0,1,0,0,0,-3.3563257090327103,-1.177198002181837
108,Jacob Murphy,Newcastle,6.496666666666667,6.833999999999999,0.15559192914686307,2.3333333333333335,0.0,0.9333333333333332,69.06666666666666,1.1333333333333333,0.5333333333333333,0.06666666666666667,0.5,0.6,6.496666666666667,0.6,0.7666666666666666,0.5666666666666668,0.10000000000000002,0.7333333333333334,0.9,14.033333333333333,0.39999999999999997,0.5,179.0,28.0,108,5,0,0,0,0,0,1,0,0,0.18633585828749585,1.679391580325778
109,Jacob Ramsey,Aston Villa,6.596666666666667,7.171000000000002,0.14306354479987887,3.3333333333333335,0.0,0.7999999999999999,85.56666666666666,1.5,0.8333333333333334,0.0,0.6,0.9,6.596666666666667,0.6666666666666666,0.6666666666666666,1.0333333333333334,0.06666666666666667,0.8666666666666667,1.3666666666666665,21.53333333333333,0.10000000000000002,0.6,180.0,22.0,109,3,0,0,0,1,0,0,0,0,1.0598602724470008,0.023324665102037772
110,Jaidon Anthony,Bournemouth,6.35,6.2410000000000005,0.21756647864625303,2.0,0.0,0.8,78.0,1.0,0.3,0.0,0.5,0.6,6.35,0.4,0.5,0.4,0.2,0.9,0.9,15.7,0.3,0.6,183.0,23.0,110,5,0,0,0,0,0,1,0,0,-0.40466573722520727,2.7575729525088564
111,James Garner,Everton,6.38,6.441,0.0,3.0,0.0,0.5,82.2,0.9,0.9,0.0,0.6,0.6,6.38,0.5,0.4,0.6,0.1,0.2,0.7,18.4,0.3,0.5,186.0,22.0,111,5,0,0,0,0,0,1,0,0,-1.1127752890512876,1.5569177597384691
112,James Justin,Leicester,6.823333333333333,6.938,0.028985507246376812,1.3333333333333333,0.0,0.4000000000000001,80.86666666666666,1.9333333333333333,0.6,0.3,2.3333333333333335,0.6333333333333333,6.823333333333333,0.7000000000000001,0.5,1.5666666666666667,0.10000000000000002,0.6,0.9333333333333335,45.800000000000004,0.3333333333333333,1.4333333333333333,183.0,25.0,112,4,0,0,0,0,1,0,0,0,-0.17048436026521244,-1.7831560067679268
113,James Maddison,Leicester,7.1000000000000005,7.194,0.38509003178217616,5.666666666666667,0.0,2.433333333333333,81.03333333333333,1.2666666666666666,0.7333333333333334,0.0,0.13333333333333333,0.9333333333333332,7.1000000000000005,1.7666666666666666,1.0999999999999999,2.1,0.16666666666666666,1.0,1.5333333333333332,31.133333333333336,0.8666666666666667,1.4333333333333333,175.0,26.0,113,6,0,0,0,0,0,0,1,0,5.029337779469295,-1.7871859832821766
114,James Milner,Liverpool,6.47,6.12,0.0,2.3333333333333335,0.0,0.3666666666666667,84.2,1.0,0.6333333333333333,0.03333333333333333,0.5666666666666668,0.7000000000000001,6.47,0.6,0.23333333333333336,0.4666666666666666,0.0,0.3666666666666667,0.5333333333333333,26.8,0.43333333333333335,1.0333333333333334,175.0,37.0,114,5,0,0,0,0,0,1,0,0,-1.5850762026452847,1.1611593950320145
115,James Tarkowski,Everton,6.9799999999999995,6.9689999999999985,0.027923884618445288,7.666666666666667,0.0,0.6666666666666666,73.43333333333334,1.6333333333333335,0.9333333333333335,0.3666666666666667,4.8999999999999995,0.5,6.9799999999999995,0.3333333333333333,0.19999999999999998,0.6333333333333333,0.10000000000000002,0.10000000000000002,0.5,37.233333333333334,0.03333333333333333,3.6333333333333333,185.0,30.0,115,4,0,0,0,0,1,0,0,0,-1.8330953277315931,-3.0842727269678107
116,James Ward-Prowse,Southampton,7.003333333333333,6.910999999999999,0.2364671508199178,4.666666666666667,0.3333333333333333,1.2333333333333334,86.0,1.5999999999999999,0.9,0.0,1.2333333333333334,1.1666666666666667,7.003333333333333,1.8666666666666665,0.3,0.5333333333333333,0.0,0.5666666666666667,0.7333333333333334,55.29999999999999,1.8,1.9000000000000001,173.0,28.0,116,2,0,0,1,0,0,0,0,0,1.933117141796667,-3.2830682394057193
117,Jamie Vardy,Leicester,6.796666666666667,6.461999999999999,0.4561460250236889,1.3333333333333333,0.0,1.8,64.46666666666667,0.3333333333333333,0.6333333333333333,0.03333333333333333,0.7999999999999999,0.26666666666666666,6.796666666666667,0.6333333333333333,0.5,0.4666666666666666,0.9,0.3666666666666667,1.2,9.933333333333334,0.06666666666666667,0.19999999999999998,179.0,36.0,117,1,0,1,0,0,0,0,0,0,2.15967144684706,3.1444279268213573
118,Jan Bednarek,Southampton,6.716666666666666,6.56,0.055240337743391765,6.666666666666667,0.3333333333333333,0.43333333333333335,82.76666666666667,1.0999999999999999,0.8666666666666667,0.5,4.1000000000000005,0.4666666666666666,6.716666666666666,0.16666666666666666,0.06666666666666667,0.43333333333333335,0.0,0.10000000000000002,0.19999999999999998,49.76666666666667,0.0,2.533333333333333,189.0,27.0,118,4,0,0,0,0,1,0,0,0,-3.0263658530635262,-2.3852039602315
119,Jason Steele,Brighton,6.72,6.734999999999999,0.0,1.0,0.0,0.0,87.7,0.0,0.1,0.0,0.6,0.1,6.72,0.1,0.1,0.1,0.0,0.0,0.0,32.5,0.0,4.1,188.0,32.0,119,7,0,0,0,0,0,0,0,1,-3.3846706944342198,0.9097554606406284
120,Jean-Philippe Mateta,Crystal Palace,6.4,6.153,0.3184315150478796,2.5,0.0,1.3,68.85,0.30000000000000004,0.6,0.0,0.6,0.39999999999999997,6.4,0.25,0.3,0.3,0.44999999999999996,0.8,1.1,7.8,0.05,0.0,192.0,25.0,120,1,0,1,0,0,0,0,0,0,0.2536731304033831,3.898463886519892
121,Jefferson Lerma,Bournemouth,6.69,6.843999999999999,0.14213518635502212,7.0,0.0,0.9,82.0,1.4,1.0,0.1,2.4,0.7,6.69,0.5,0.4,0.9,0.1,0.4,0.6,42.4,0.1,1.2,179.0,28.0,121,0,1,0,0,0,0,0,0,0,-0.3464722086257234,-1.3652698490835737
122,Jeffrey Schlupp,Crystal Palace,6.68,6.858999999999999,0.14243072139320392,3.6666666666666665,0.0,0.8333333333333334,75.23333333333333,1.4666666666666668,1.0666666666666667,0.03333333333333333,0.7999999999999999,0.6666666666666666,6.68,0.6,1.0333333333333334,0.7666666666666666,0.0,1.1666666666666667,1.1666666666666667,19.96666666666667,0.10000000000000002,0.6,178.0,30.0,122,3,0,0,0,1,0,0,0,0,1.0607198335351138,0.26016787159410676
123,Jesse Lingard,Nottingham Forest,6.54,6.462000000000001,0.35788013930693224,1.6666666666666667,0.0,1.2333333333333334,84.36666666666666,0.5333333333333333,0.7000000000000001,0.0,0.10000000000000002,0.43333333333333335,6.54,0.7333333333333334,0.5333333333333333,0.7666666666666666,0.20000000000000004,0.7666666666666666,1.1666666666666667,21.76666666666667,0.16666666666666666,0.5,175.0,30.0,123,1,0,1,0,0,0,0,0,0,0.9891152787034785,2.0391609867854235
124,Joachim Andersen,Crystal Palace,6.760000000000001,6.784000000000002,0.02212486845003549,6.333333333333333,0.3333333333333333,0.43333333333333335,80.76666666666667,1.1333333333333333,0.9333333333333332,0.6666666666666666,4.8,0.39999999999999997,6.760000000000001,0.43333333333333335,0.2333333333333333,0.39999999999999997,0.03333333333333333,0.13333333333333333,0.26666666666666666,63.699999999999996,0.03333333333333333,6.5,192.0,27.0,124,4,0,0,0,0,1,0,0,0,-3.4149970002952035,-3.772764221709215
125,Joe Gelhardt,Sunderland,6.28,6.805,0.24390243902439024,4.0,0.0,1.2,65.0,0.2,0.9,0.0,0.2,0.4,6.28,0.5,0.9,1.2,0.3,1.0,1.5,8.0,0.1,0.1,175.0,21.0,125,1,0,1,0,0,0,0,0,0,1.4296516151823953,3.3168812903174905
126,Joe Rothwell,Bournemouth,6.44,6.598000000000001,0.0,2.0,0.0,0.2,87.6,1.0,0.9,0.0,0.4,0.7,6.44,0.4,0.8,0.2,0.0,0.2,0.4,21.5,0.4,1.0,185.0,28.0,126,5,0,0,0,0,0,1,0,0,-1.4397921759186183,0.9460953414314829
127,Joe Willock,Newcastle,6.863333333333333,6.986999999999999,0.30911992983989317,0.3333333333333333,0.0,1.4333333333333333,81.26666666666667,1.8666666666666665,0.9333333333333332,0.0,0.4666666666666666,1.5333333333333332,6.863333333333333,0.7666666666666666,1.3,0.9,0.03333333333333333,0.8666666666666667,1.7666666666666666,20.133333333333333,0.23333333333333336,0.7333333333333334,179.0,23.0,127,3,0,0,0,1,0,0,0,0,2.7902156625089267,-0.46590180654302993
128,Joe Worrall,Nottingham Forest,6.56,6.63,0.04231311706629055,6.0,0.0,0.2,78.0,1.8,0.9,0.3,3.7,0.3,6.56,0.2,0.1,0.1,0.0,0.1,0.2,36.3,0.0,2.7,193.0,26.0,128,4,0,0,0,0,1,0,0,0,-3.2155315235375865,-1.214725250489808
129,Joel Ward,Crystal Palace,6.6433333333333335,6.922999999999999,0.013850415512465374,6.333333333333333,0.0,0.26666666666666666,75.43333333333334,1.7,1.0,0.3666666666666667,3.1,0.7000000000000001,6.6433333333333335,0.3,0.5,0.5333333333333333,0.0,0.39999999999999997,0.9333333333333332,39.4,0.16666666666666666,1.6666666666666667,188.0,33.0,129,4,0,0,0,0,1,0,0,0,-1.5529015229137062,-1.7952480059602838
130,Joelinton,Newcastle,6.936666666666667,7.413999999999999,0.17476239280748343,7.666666666666667,0.0,1.4333333333333333,77.63333333333333,1.8,1.5333333333333332,0.03333333333333333,1.0666666666666667,0.9333333333333332,6.936666666666667,0.7000000000000001,1.3333333333333333,1.0666666666666667,0.10000000000000002,1.5666666666666667,2.433333333333333,27.733333333333334,0.06666666666666667,0.7000000000000001,186.0,26.0,130,0,1,0,0,0,0,0,0,0,3.6951375432218705,-1.8493475548796452
131,John McGinn,Aston Villa,6.953333333333333,7.038999999999999,0.06763746837973618,8.666666666666666,0.0,1.2,80.23333333333333,2.1666666666666665,1.3,0.03333333333333333,0.6333333333333333,1.3333333333333333,6.953333333333333,1.0333333333333334,1.3333333333333333,2.1,0.0,0.9,1.5999999999999999,33.73333333333333,0.5333333333333333,2.8333333333333335,178.0,28.0,131,0,1,0,0,0,0,0,0,0,3.0778681815076885,-3.008811587892767
132,John Stones,Manchester City,6.976666666666667,6.916000000000001,0.12133117424666617,0.6666666666666666,0.3333333333333333,0.6,92.66666666666667,0.7999999999999999,0.3,0.6,2.0,0.13333333333333333,6.976666666666667,0.2333333333333333,0.4666666666666666,0.3666666666666667,0.0,0.13333333333333333,0.26666666666666666,71.26666666666667,0.0,3.133333333333333,188.0,29.0,132,4,0,0,0,0,1,0,0,0,-2.515416937876265,-2.649953299042611
133,Jonjo Shelvey,Nottingham Forest,6.503333333333333,6.1930000000000005,0.041674988195934785,4.666666666666667,0.3333333333333333,1.1666666666666667,77.56666666666666,0.9666666666666668,0.9666666666666668,0.0,1.1333333333333335,0.9,6.503333333333333,0.9,0.5333333333333333,0.2333333333333333,0.0,0.3,0.6,40.06666666666667,0.5333333333333333,5.033333333333334,184.0,31.0,133,0,1,0,0,0,0,0,0,0,-1.151046636472101,-0.24885511120867282
134,Jonny Evans,Leicester,6.69,6.529000000000001,0.04645485550170526,3.3333333333333335,0.0,0.19999999999999998,85.63333333333333,1.1,0.7000000000000001,0.5333333333333333,3.4333333333333336,0.3,6.69,0.23333333333333336,0.13333333333333333,0.5,0.03333333333333333,0.03333333333333333,0.23333333333333336,60.699999999999996,0.0,3.6333333333333333,188.0,35.0,134,4,0,0,0,0,1,0,0,0,-3.3873926869237145,-2.007724599218246
135,Jordan Henderson,Liverpool,6.756666666666667,6.7700000000000005,0.04060587746468233,1.6666666666666667,0.0,0.7333333333333334,85.89999999999999,1.0,0.5333333333333333,0.2333333333333333,0.6333333333333333,0.7333333333333334,6.756666666666667,0.9,0.43333333333333335,0.3333333333333333,0.06666666666666667,0.26666666666666666,0.5333333333333333,64.2,0.3666666666666667,3.0,182.0,32.0,135,4,0,0,0,0,1,0,0,0,-1.1715839994064656,-1.412350590491458
136,Jordan Pickford,Everton,6.646666666666667,6.632000000000001,0.0,2.6666666666666665,0.0,0.0,53.800000000000004,0.0,0.0,0.0,1.0666666666666667,0.03333333333333333,6.646666666666667,0.06666666666666667,0.0,0.13333333333333333,0.0,0.0,0.0,30.900000000000002,0.0,8.166666666666666,185.0,29.0,136,7,0,0,0,0,0,0,0,1,-4.27286169850559,1.653869287257296
137,Jorginho,Arsenal,6.76,6.332000000000001,0.17254049322269419,2.75,0.0,0.45,87.8,1.9,0.8,0.025,0.55,1.5,6.76,0.65,0.425,1.25,0.0,0.575,0.7,57.25,0.025,2.15,180.0,31.0,137,0,1,0,0,0,0,0,0,0,-0.013349455272142844,-1.4654186313046447
138,Josh Dasilva,Brentford,6.45,6.228999999999999,0.26392961876832843,1.0,0.0,0.5,83.0,0.5,0.4,0.0,0.2,0.3,6.45,0.3,0.9,0.7,0.0,0.8,0.8,16.0,0.2,0.5,184.0,24.0,138,5,0,0,0,0,0,1,0,0,-0.4957088464026428,2.6866916504924006
139,Josh Onomah,Preston,6.08,6.345999999999999,0.0,1.0,0.0,0.5,90.0,1.0,1.1,0.0,0.1,0.5,6.08,0.1,0.2,0.0,0.0,0.8,0.8,15.5,0.0,0.4,185.0,26.0,139,5,0,0,0,0,0,1,0,0,-1.9173580806277184,2.7345722559303516
140,José Sá,Wolverhampton,6.705,6.586,0.0,2.5,0.0,0.0,64.25,0.05,0.05,0.0,0.8,0.05,6.705,0.05,0.1,0.25,0.0,0.0,0.1,26.25,0.0,3.8499999999999996,192.0,30.0,140,7,0,0,0,0,0,0,0,1,-3.397321233828947,1.7698942722125648
141,João Cancelo,Bayern Munich,7.256666666666667,7.055,0.08226962194381598,5.0,0.6666666666666666,1.5333333333333332,86.39999999999999,2.1333333333333333,1.0,0.2333333333333333,0.7666666666666666,1.0666666666666667,7.256666666666667,1.1333333333333335,1.7,0.7999999999999999,0.13333333333333333,0.7666666666666666,1.2333333333333334,70.86666666666667,0.5666666666666667,2.8333333333333335,182.0,29.0,141,2,0,0,1,0,0,0,0,0,2.484003551942382,-4.6677876992068335
142,João Félix,Chelsea,6.66,6.628,0.39430449069003287,1.0,1.0,2.7,80.6,0.9,0.9,0.0,0.1,0.5,6.66,0.5,1.4,1.9,0.4,0.5,1.5,21.3,0.2,1.0,181.0,23.0,142,1,0,1,0,0,0,0,0,0,3.3306020463834605,1.1589644601366655
143,João Gomes,Wolverhampton,6.63,6.631,0.15873015873015872,5.0,0.0,0.4,78.1,2.6,1.4,0.0,1.0,0.9,6.63,0.5,0.7,1.6,0.0,0.4,0.7,27.4,0.1,0.9,173.0,22.0,143,0,1,0,0,0,0,0,0,0,0.46472685947139436,-0.892191307424245
144,João Moutinho,Wolverhampton,6.62,6.358999999999999,0.03200705696643298,3.3333333333333335,0.3333333333333333,0.5,86.33333333333333,2.0,1.0999999999999999,0.03333333333333333,0.7333333333333334,1.5999999999999999,6.62,1.2333333333333334,0.4000000000000001,0.5333333333333333,0.0,0.36666666666666664,0.6333333333333333,46.333333333333336,0.7333333333333334,2.5666666666666664,170.0,36.0,144,0,1,0,0,0,0,0,0,0,-0.17538256281769002,-1.7513385459748856
145,João Palhinha,Fulham,6.94,6.7170000000000005,0.08931524975190208,13.0,0.0,1.1,83.1,4.2,1.4,0.0,1.7,1.8,6.94,0.2,0.4,1.5,0.0,0.8,1.0,36.3,0.0,2.5,190.0,27.0,145,0,1,0,0,0,0,0,0,0,1.313196908291103,-4.346237683882113
146,Junior Firpo,Leeds,6.455,6.282000000000001,0.033657442034405384,8.0,0.5,0.3,77.4,2.55,1.4500000000000002,0.2,1.4500000000000002,1.2,6.455,0.65,0.5,0.5,0.0,0.4,0.6,29.75,0.25,0.65,184.0,26.0,146,0,1,0,0,0,0,0,0,0,-0.84055954612846,-1.336770161407275
147,Kai Havertz,Chelsea,6.736666666666667,6.486,0.2943024947827954,3.3333333333333335,0.0,1.7333333333333334,82.83333333333333,0.7666666666666666,1.4000000000000001,0.03333333333333333,0.9333333333333332,0.5666666666666667,6.736666666666667,0.8333333333333334,0.6,0.7333333333333334,0.5,1.0666666666666667,2.1999999999999997,25.3,0.06666666666666667,0.3666666666666667,193.0,23.0,147,1,0,1,0,0,0,0,0,0,2.870073203552393,0.9571616211758031
148,Kepa Arrizabalaga,Chelsea,6.666666666666667,6.727999999999999,0.0,0.6666666666666666,0.0,0.0,79.26666666666667,0.03333333333333333,0.0,0.0,1.0666666666666667,0.03333333333333333,6.666666666666667,0.0,0.0,0.19999999999999998,0.0,0.0,0.09999999999999999,29.233333333333334,0.0,4.233333333333333,189.0,28.0,148,7,0,0,0,0,0,0,0,1,-3.64748820217033,1.4063626662660877
149,Kevin De Bruyne,Manchester City,7.62,7.553999999999999,0.38063459328614674,1.3333333333333333,0.0,2.6,81.66666666666667,1.1333333333333333,0.7999999999999999,0.0,0.3666666666666667,1.0,7.62,3.0666666666666664,1.3,1.0,0.10000000000000002,0.9666666666666667,1.4666666666666668,46.1,1.5333333333333332,2.5,181.0,31.0,149,2,0,0,1,0,0,0,0,0,6.120205773389455,-3.950007365885256
150,Kevin Schade,Brentford,6.46,6.449000000000001,0.0,2.0,0.0,0.7,62.8,0.7,0.8,0.0,0.2,0.3,6.46,0.5,0.7,0.5,0.4,0.5,1.4,8.7,0.2,0.0,183.0,21.0,150,1,0,1,0,0,0,0,0,0,0.11185960888863433,3.1328523913422215
151,Keylor Navas,Nottingham Forest,6.58,6.617,0.0,2.0,0.0,0.0,51.9,0.0,0.0,0.0,1.4,0.0,6.58,0.0,0.1,0.0,0.0,0.0,0.1,27.3,0.0,7.0,185.0,36.0,151,7,0,0,0,0,0,0,0,1,-4.296305161405789,2.1561152121517755
152,Kieffer Moore,Bournemouth,6.35,6.321,0.28731045490822027,1.0,0.0,0.8,59.0,0.5,1.0,0.1,1.0,0.4,6.35,0.2,0.1,1.2,0.0,1.2,1.6,13.3,0.1,0.2,196.0,30.0,152,1,0,1,0,0,0,0,0,0,0.06778591065616521,3.223139585424808
153,Kieran Tierney,Arsenal,6.57,6.436000000000003,0.028665288221629334,1.3333333333333333,0.0,0.5333333333333333,79.96666666666665,0.8666666666666667,0.3,0.16666666666666666,1.7,0.26666666666666666,6.57,0.7333333333333334,0.3666666666666667,0.5666666666666667,0.0,0.3,0.6666666666666666,33.36666666666667,0.5666666666666667,1.4333333333333336,178.0,26.0,153,5,0,0,0,0,0,1,0,0,-1.6624598922674139,0.6348859714453018
154,Kieran Trippier,Newcastle,7.415,7.1290000000000004,0.22311448027752795,2.5,0.0,0.35,70.45,2.3499999999999996,0.85,0.2,1.85,1.1,7.415,2.1,0.35,0.65,0.1,0.2,0.44999999999999996,44.349999999999994,2.8,3.3499999999999996,178.0,32.0,154,2,0,0,1,0,0,0,0,0,2.074682542227054,-4.6358582711215135
155,Kyle Walker-Peters,Southampton,6.746666666666666,6.284999999999999,0.023103209456053944,4.333333333333333,0.0,0.6,80.33333333333333,2.1999999999999997,0.9,0.19999999999999998,1.4333333333333333,0.6,6.746666666666666,0.6,1.6666666666666667,1.4333333333333333,0.10000000000000002,1.4333333333333333,1.2666666666666666,37.03333333333333,0.26666666666666666,1.0666666666666667,173.0,26.0,155,3,0,0,0,1,0,0,0,0,1.3068077043642778,-0.9181483795612089
156,Leander Dendoncker,Aston Villa,6.466666666666666,6.301000000000001,0.042796023274468444,2.6666666666666665,0.0,0.6,86.86666666666667,1.3333333333333333,0.4666666666666666,0.06666666666666667,1.0666666666666667,0.7666666666666666,6.466666666666666,0.39999999999999997,0.20000000000000004,0.23333333333333336,0.03333333333333333,0.26666666666666666,0.7000000000000001,25.866666666666664,0.03333333333333333,0.7666666666666666,188.0,28.0,156,5,0,0,0,0,0,1,0,0,-1.7853341419888686,0.9734237427857876
157,Leandro Trossard,Arsenal,6.8575,6.398,0.2521353217947645,1.25,0.0,1.775,78.65,0.75,0.65,0.0,0.07500000000000001,0.6,6.8575,1.325,1.0750000000000002,0.8250000000000001,0.25,1.6500000000000001,1.975,27.5,0.625,1.5250000000000001,172.0,28.0,157,3,0,0,0,1,0,0,0,0,3.2752177545885646,0.9453119265900206
158,Leon Bailey,Aston Villa,6.495,6.4030000000000005,0.15343995640342012,3.5,0.0,1.35,73.25,0.65,0.8,0.0,0.2,0.4,6.495,0.65,0.95,0.6,0.25,1.4500000000000002,1.6,11.9,0.44999999999999996,0.55,178.0,25.0,158,1,0,1,0,0,0,0,0,0,1.6075871702703366,2.42997438242289
159,Lewis Cook,Bournemouth,6.41,6.1419999999999995,0.0,4.0,0.0,0.2,81.8,1.3,0.5,0.0,1.0,0.9,6.41,0.9,0.3,0.4,0.0,0.6,0.5,25.1,0.6,0.8,175.0,26.0,159,5,0,0,0,0,0,1,0,0,-1.3164610601608564,0.9420211141840164
160,Lewis O'Brien,DC United,6.31,6.795,0.1549053356282272,2.0,0.0,0.5,78.7,1.2,0.4,0.1,0.6,0.5,6.31,0.3,0.5,1.2,0.0,0.5,0.9,15.9,0.0,0.2,173.0,24.0,160,5,0,0,0,0,0,1,0,0,-0.8639882284945181,1.9269799525709885
161,Liam Cooper,Leeds,6.859999999999999,6.598000000000002,0.03614944642634948,4.333333333333333,0.3333333333333333,0.5,82.39999999999999,2.2333333333333334,0.8333333333333334,0.4666666666666666,3.1,0.6666666666666666,6.859999999999999,0.16666666666666666,0.13333333333333333,0.7000000000000001,0.03333333333333333,0.03333333333333333,0.39999999999999997,54.866666666666674,0.03333333333333333,2.9,180.0,31.0,161,4,0,0,0,0,1,0,0,0,-2.32052209298417,-3.0502415396803024
162,Lloyd Kelly,Bournemouth,6.58,6.5120000000000005,0.0,3.0,0.0,0.1,81.9,1.5,0.7,0.6,4.1,0.2,6.58,0.3,0.0,0.2,0.0,0.2,0.7,44.0,0.1,2.6,178.0,24.0,162,4,0,0,0,0,1,0,0,0,-3.512556312620271,-1.4304601639074461
163,Lucas Digne,Aston Villa,6.8025,6.321,0.015946137491141033,3.25,0.25,0.5,78.3,1.625,1.025,0.175,2.0,0.6,6.8025,1.425,0.35,0.8,0.1,0.6,0.8,36.025000000000006,1.25,0.975,178.0,29.0,163,2,0,0,1,0,0,0,0,0,0.34385681020224884,-1.3884796234622996
164,Luis Díaz,Liverpool,7.205,6.720000000000001,0.37344398340248963,1.0,0.0,2.25,85.55000000000001,0.85,1.2000000000000002,0.0,0.15000000000000002,0.45,7.205,1.1,2.1,1.3,0.2,2.15,2.0,30.049999999999997,0.25,0.7,178.0,26.0,164,6,0,0,0,0,0,0,1,0,5.457417243063461,-0.42364306499127263
165,Lukasz Fabianski,West Ham,6.69,6.577000000000001,0.0,1.6666666666666667,0.0,0.0,57.1,0.03333333333333333,0.0,0.0,0.6333333333333333,0.0,6.69,0.0,0.0,0.13333333333333333,0.0,0.0,0.03333333333333333,22.96666666666667,0.0,6.433333333333334,190.0,38.0,165,7,0,0,0,0,0,0,0,1,-3.9436079528318193,2.070949042774226
166,Luke Ayling,Leeds,6.663333333333334,6.489,0.05700149773656665,4.666666666666667,0.3333333333333333,0.7000000000000001,74.96666666666667,2.6333333333333333,0.7000000000000001,0.3,1.8333333333333333,1.4333333333333333,6.663333333333334,0.5333333333333333,0.8333333333333334,1.0999999999999999,0.06666666666666667,0.4666666666666666,1.2666666666666666,48.76666666666667,0.3333333333333333,3.3666666666666667,185.0,31.0,166,0,1,0,0,0,0,0,0,0,-0.2500944829240422,-2.1877135495504607
167,Mads Bech Sørensen,FC Groningen,6.27,6.101999999999999,0.0,3.0,0.0,0.2,81.4,0.7,0.7,0.2,2.2,0.1,6.27,0.6,0.0,0.4,0.0,0.0,0.2,39.2,0.3,1.7,189.0,24.0,167,5,0,0,0,0,0,1,0,0,-3.338005026382012,1.1025307844837007
168,Manor Solomon,Fulham,6.53,6.287,0.6679035250463822,0.0,0.0,0.5,86.2,1.2,0.3,0.0,0.1,0.3,6.53,0.3,1.1,0.2,0.1,0.6,0.7,10.4,0.1,0.2,170.0,23.0,168,1,0,1,0,0,0,0,0,0,0.222426438922393,2.80570460710633
169,Marc Albrighton,West Bromwich,6.640000000000001,6.188,0.06569636931485458,2.5,0.0,0.44999999999999996,70.25,1.4500000000000002,0.35,0.05,0.7,1.55,6.640000000000001,0.8999999999999999,1.05,0.7,0.1,0.7,1.15,24.65,0.8,1.05,175.0,33.0,169,2,0,0,1,0,0,0,0,0,0.5492070481887459,0.6028488754668948
170,Marc Cucurella,Chelsea,6.795,6.56,0.014553686934023286,5.0,0.0,0.4,84.2,2.75,0.75,0.2,1.7,1.05,6.795,0.85,0.5,0.9,0.05,0.35,0.8500000000000001,49.849999999999994,0.65,1.4,172.0,24.0,170,0,1,0,0,0,0,0,0,0,-0.27797751228054096,-2.561127682639058
171,Marc Guéhi,Crystal Palace,6.73,6.920999999999999,0.04181318302478712,6.0,0.0,0.45,86.35,1.2,0.5,0.55,3.55,0.2,6.73,0.25,0.35,1.0,0.0,0.2,0.4,61.75,0.0,4.25,182.0,22.0,171,4,0,0,0,0,1,0,0,0,-2.740765523951595,-2.817347134518583
172,Marc Roca,Leeds,6.5,6.363999999999999,0.03862660944206009,7.0,0.0,1.1,79.4,2.1,1.3,0.1,0.7,1.4,6.5,1.0,0.5,0.9,0.0,0.8,0.8,37.8,0.4,2.1,184.0,26.0,172,0,1,0,0,0,0,0,0,0,0.44566082035218657,-1.1742942448790978
173,Marcos Senesi,Bournemouth,6.53,6.747,0.07481296758104738,6.0,0.0,0.2,80.8,1.6,0.9,0.3,4.5,0.6,6.53,0.2,0.3,0.4,0.0,0.1,0.5,40.0,0.1,3.4,185.0,26.0,173,4,0,0,0,0,1,0,0,0,-2.8324354106758394,-1.6999078266053973
174,Marcus Tavernier,Bournemouth,6.95,7.26,0.25728987993138935,1.0,0.0,1.6,77.3,1.4,0.9,0.1,0.7,0.9,6.95,0.8,2.0,1.2,0.2,1.7,2.0,25.9,0.9,0.8,178.0,24.0,174,3,0,0,0,1,0,0,0,0,4.281528660386538,-0.6774729599162944
175,Mario Lemina,Wolverhampton,6.535,6.525,0.026392961876832845,3.5,0.5,0.6,84.95,2.1,1.05,0.1,0.9,0.8,6.535,0.30000000000000004,0.75,0.5,0.05,0.6000000000000001,0.8,32.2,0.05,1.5,184.0,29.0,175,0,1,0,0,0,0,0,0,0,-0.7320325550069926,-0.5058142763305918
176,Martin Ødegaard,Arsenal,6.973333333333334,7.072,0.25621907187351084,2.6666666666666665,0.0,1.7333333333333334,87.0,1.0,0.5666666666666668,0.03333333333333333,0.3333333333333333,0.9,6.973333333333334,1.8333333333333333,0.9666666666666667,0.6333333333333333,0.06666666666666667,1.1333333333333335,1.0999999999999999,41.43333333333333,0.5666666666666667,1.2,178.0,24.0,176,3,0,0,0,1,0,0,0,0,2.7674476177532874,-1.317136236803661
177,Mason Mount,Chelsea,7.073333333333333,6.194,0.25605781541386624,3.3333333333333335,0.0,2.033333333333333,84.0,1.5999999999999999,1.1666666666666667,0.0,0.3,0.8333333333333334,7.073333333333333,1.8333333333333333,0.7999999999999999,1.0,0.10000000000000002,1.1333333333333335,1.7666666666666668,37.166666666666664,1.2,1.0999999999999999,181.0,24.0,177,2,0,0,1,0,0,0,0,0,3.8620436374951552,-1.3961588006535746
178,Mateo Kovacic,Chelsea,6.796666666666667,6.712999999999998,0.05630815732040289,5.333333333333333,0.0,0.9,88.53333333333335,1.7,0.7666666666666666,0.0,0.43333333333333335,0.7000000000000001,6.796666666666667,0.9333333333333332,1.4000000000000001,0.8000000000000002,0.0,0.9333333333333332,0.8666666666666667,54.13333333333333,0.0,2.466666666666667,177.0,29.0,178,0,1,0,0,0,0,0,0,0,0.7184309534901169,-1.6078888618249934
179,Mateusz Klich,DC United,6.4399999999999995,6.862,0.09651097663007956,5.5,0.0,1.15,81.1,1.25,1.25,0.0,0.45,1.25,6.4399999999999995,1.1,0.5,0.55,0.15000000000000002,0.6499999999999999,1.15,35.75,0.25,1.15,183.0,32.0,179,0,1,0,0,0,0,0,0,0,0.8880080641880164,-0.1592885552023403
180,Matheus Cunha,Wolverhampton,6.63,6.763,0.18518518518518517,1.0,0.0,1.5,75.7,0.4,1.2,0.0,0.5,0.5,6.63,0.4,1.5,1.2,0.2,0.8,1.8,13.1,0.0,0.4,184.0,24.0,180,1,0,1,0,0,0,0,0,0,2.1199558781560097,1.845711690120615
181,Matheus Nunes,Wolverhampton,6.62,6.806,0.03697617091207888,2.0,1.0,0.8,82.1,2.0,1.1,0.0,0.9,1.0,6.62,0.8,1.3,1.4,0.1,1.1,1.2,28.1,0.3,2.4,184.0,24.0,181,0,1,0,0,0,0,0,0,0,1.4548971183940898,-0.9632783843212748
182,Mathias Jensen,Brentford,6.615,6.720999999999999,0.07950530035335689,2.5,0.0,0.6,75.95,1.5,0.75,0.0,0.5,1.5,6.615,1.2000000000000002,0.55,0.44999999999999996,0.05,0.7,1.15,27.85,1.2,2.6,180.0,27.0,182,2,0,0,1,0,0,0,0,0,0.7232476110953886,-0.3852930306003863
183,Matt Targett,Newcastle,6.74,6.255,0.015690376569037656,2.75,0.0,0.275,77.05,1.9,0.65,0.125,1.675,0.875,6.74,1.0,0.3,0.55,0.025,0.275,0.55,33.849999999999994,0.875,1.8,183.0,27.0,183,2,0,0,1,0,0,0,0,0,-0.9659851093014022,-0.8323156721682178
184,Matty Cash,Aston Villa,6.8066666666666675,6.652000000000001,0.03550295857988166,5.666666666666667,0.3333333333333333,0.5333333333333333,75.60000000000001,2.3000000000000003,1.0333333333333334,0.20000000000000004,2.1999999999999997,0.7999999999999999,6.8066666666666675,0.6,0.6333333333333333,0.8000000000000002,0.10000000000000002,0.5333333333333333,1.0333333333333332,32.833333333333336,0.6,1.6333333333333335,185.0,25.0,184,0,1,0,0,0,0,0,0,0,0.02152929843456937,-1.9304776709620695
185,Matías Viña,Bournemouth,6.52,6.578,0.42755344418052255,1.0,0.0,0.7,73.4,1.5,0.5,0.1,1.5,1.5,6.52,0.2,0.9,0.9,0.0,0.5,0.9,12.6,0.0,0.4,175.0,25.0,185,3,0,0,0,1,0,0,0,0,0.21167280230995103,1.2757520459784646
186,Maximilian Kilman,Wolverhampton,6.716666666666666,6.723000000000002,0.011156563778356268,3.3333333333333335,0.0,0.4000000000000001,85.66666666666667,1.3,0.7333333333333334,0.39999999999999997,3.4,0.3666666666666667,6.716666666666666,0.16666666666666666,0.5,0.3,0.0,0.19999999999999998,0.43333333333333335,49.699999999999996,0.03333333333333333,2.3666666666666667,194.0,26.0,186,4,0,0,0,0,1,0,0,0,-2.61934770644251,-1.755158782536858
187,Maximilian Wöber,Leeds,6.64,6.678999999999999,0.0,2.0,0.0,0.5,70.9,1.7,0.9,0.4,4.3,0.5,6.64,0.3,0.0,0.1,0.1,0.1,0.3,40.6,0.1,2.5,188.0,25.0,187,4,0,0,0,0,1,0,0,0,-2.970915302413391,-1.1888806322365246
188,Michael Keane,Everton,6.82,7.002,0.09284257006918518,2.0,0.3333333333333333,0.7666666666666666,77.93333333333334,0.9333333333333332,0.5,0.5333333333333333,4.366666666666666,0.43333333333333335,6.82,0.26666666666666666,0.19999999999999998,0.2333333333333333,0.0,0.13333333333333333,0.3,42.96666666666667,0.03333333333333333,3.266666666666667,191.0,30.0,188,4,0,0,0,0,1,0,0,0,-2.7869352806521808,-2.019550237161237
189,Michael Olise,Crystal Palace,6.805,7.324000000000001,0.11283189777024796,3.0,0.0,1.0499999999999998,79.9,1.15,0.7,0.0,0.30000000000000004,0.85,6.805,1.35,1.25,1.45,0.1,1.05,1.65,25.9,1.15,1.2000000000000002,184.0,21.0,189,3,0,0,0,1,0,0,0,0,2.9832163883275875,-0.7557877557925654
190,Miguel Almirón,Newcastle,6.673333333333333,6.552000000000002,0.20312882522238243,2.3333333333333335,0.0,1.3333333333333333,82.73333333333333,1.4666666666666668,0.6,0.0,0.3666666666666667,0.9666666666666668,6.673333333333333,0.7666666666666666,0.9666666666666668,0.9666666666666668,0.26666666666666666,0.8666666666666667,1.4666666666666668,22.866666666666664,0.16666666666666666,0.6,174.0,29.0,190,3,0,0,0,1,0,0,0,0,1.8035049516515622,0.8027310311321945
191,Mikkel Damsgaard,Brentford,6.34,6.3839999999999995,0.0,3.0,0.0,0.5,72.2,1.2,0.5,0.0,0.4,1.1,6.34,0.4,0.3,0.4,0.0,0.2,0.5,13.8,0.2,0.4,180.0,22.0,191,5,0,0,0,0,0,1,0,0,-1.655563527490319,1.9488253983954114
192,Mohamed Elyounoussi,Southampton,6.545,6.598999999999999,0.10924308023216493,4.0,0.0,1.25,69.9,1.2999999999999998,1.05,0.0,1.0,0.8500000000000001,6.545,0.75,0.8500000000000001,0.55,0.05,1.25,1.65,18.85,0.2,0.5,178.0,28.0,192,3,0,0,0,1,0,0,0,0,1.258340883489405,1.0303699673330846
193,Mohamed Salah,Liverpool,7.246666666666667,7.367999999999999,0.6416114159897556,1.0,0.0,3.533333333333333,80.63333333333334,0.5,0.4666666666666666,0.0,0.16666666666666666,0.3333333333333333,7.246666666666667,1.6666666666666667,1.2666666666666666,0.7333333333333334,0.43333333333333335,2.1999999999999997,2.9333333333333336,31.433333333333334,0.2333333333333333,0.5666666666666667,175.0,30.0,193,6,0,0,0,0,0,0,1,0,6.8368166917673445,0.2057442820421254
194,Morgan Gibbs-White,Nottingham Forest,6.609999999999999,7.114,0.18710492090856848,2.5,0.0,1.3,77.5,0.8,0.7,0.0,0.15000000000000002,0.6,6.609999999999999,1.2999999999999998,1.0499999999999998,0.8500000000000001,0.1,0.9,2.1,23.0,0.5,0.9,171.0,23.0,194,3,0,0,0,1,0,0,0,0,2.2524799278041594,0.8281452433374125
195,Morgan Sanson,Strasbourg,6.34,6.9510000000000005,0.0,0.0,0.0,0.1,78.4,1.2,0.3,0.0,0.2,0.4,6.34,0.1,1.3,1.3,0.0,1.0,0.5,15.3,0.2,0.3,180.0,28.0,195,5,0,0,0,0,0,1,0,0,-0.6418835046890611,2.1393648397492333
196,Moussa Niakhaté,Nottingham Forest,6.5,6.468999999999999,0.0,1.0,0.0,0.5,75.6,1.2,0.9,0.2,4.1,0.7,6.5,0.1,0.0,0.4,0.0,0.1,0.4,20.8,0.0,1.2,190.0,27.0,196,5,0,0,0,0,0,1,0,0,-2.8128295058267625,0.3687356729684507
197,Mykhailo Mudryk,Chelsea,6.31,6.313000000000001,0.0,1.0,0.0,0.9,81.5,0.7,0.5,0.0,0.1,0.6,6.31,0.7,0.9,0.8,0.1,0.7,1.9,12.3,0.3,0.3,175.0,22.0,197,5,0,0,0,0,0,1,0,0,0.24936824440968847,2.7493485165422333
198,N'Golo Kanté,Chelsea,6.94,6.875,0.03374578177727784,3.3333333333333335,0.0,0.7000000000000001,85.23333333333333,2.4,0.9,0.0,0.5,0.7333333333333334,6.94,1.1666666666666667,1.3,0.3,0.03333333333333333,0.7666666666666666,1.5999999999999999,49.03333333333333,0.13333333333333333,1.6666666666666667,168.0,32.0,198,0,1,0,0,0,0,0,0,0,1.208872096850249,-1.9719332116307706
199,Nathan Aké,Manchester City,6.743333333333333,7.369000000000002,0.11933489353759529,2.0,0.0,0.3666666666666667,91.73333333333333,1.0333333333333334,0.6333333333333333,0.39999999999999997,1.8,0.13333333333333333,6.743333333333333,0.16666666666666666,0.03333333333333333,0.3333333333333333,0.0,0.10000000000000002,0.3666666666666667,67.23333333333333,0.0,1.2333333333333334,180.0,28.0,199,4,0,0,0,0,1,0,0,0,-2.4120830762879946,-1.9633463391958887
200,Nathan Collins,Wolverhampton,6.705,6.395,0.05389221556886228,2.0,1.0,0.45,78.6,1.5,0.9,0.2,3.7,0.45,6.705,0.2,0.3,0.5,0.1,0.25,0.45,38.3,0.05,2.5,193.0,22.0,200,4,0,0,0,0,1,0,0,0,-2.172980145144506,-1.1558193449355374
201,Nathan Patterson,Everton,6.51,6.312,0.0,3.0,0.0,0.4,79.9,2.6,0.7,0.2,1.9,1.3,6.51,0.3,0.6,0.7,0.1,0.5,1.2,24.8,0.2,0.6,189.0,21.0,201,5,0,0,0,0,0,1,0,0,-0.7760039158393293,-0.26257402019515436
202,Nathan Redmond,Besiktas,6.574999999999999,7.566999999999998,0.07652959976110782,0.5,0.0,1.3,74.94999999999999,0.9,0.8500000000000001,0.0,0.4,0.75,6.574999999999999,1.15,1.05,0.55,0.1,0.95,1.2,24.4,0.39999999999999997,0.8,173.0,29.0,202,3,0,0,0,1,0,0,0,0,1.5294982553537173,0.5383335955292735
203,Nathaniel Clyne,Crystal Palace,6.396666666666667,6.32,0.0,2.0,0.0,0.16666666666666666,78.76666666666667,1.2666666666666666,0.3333333333333333,0.19999999999999998,1.5666666666666667,0.5,6.396666666666667,0.3333333333333333,0.26666666666666666,0.3,0.0,0.19999999999999998,0.5666666666666667,33.0,0.26666666666666666,0.9666666666666667,175.0,32.0,203,5,0,0,0,0,0,1,0,0,-2.6758609142650642,1.0176836359992505
204,Neal Maupay,Everton,6.420000000000001,6.093,0.22762988738987122,4.0,0.3333333333333333,1.7666666666666666,77.60000000000001,0.5,0.7666666666666666,0.0,0.06666666666666667,0.3666666666666667,6.420000000000001,0.6666666666666666,0.5666666666666667,1.0333333333333334,0.20000000000000004,1.2333333333333334,1.7666666666666666,15.866666666666667,0.10000000000000002,0.3,173.0,26.0,204,1,0,1,0,0,0,0,0,0,1.4955713356243454,2.652496869463471
205,Neco Williams,Nottingham Forest,6.6,6.686999999999999,0.04794885455514118,7.0,0.0,0.8,66.8,2.3,1.1,0.1,1.2,1.1,6.6,0.5,0.6,0.9,0.1,0.5,1.0,19.5,0.6,1.3,183.0,22.0,205,0,1,0,0,0,0,0,0,0,0.3536511619544733,-0.5771075785805574
206,Neeskens Kebano,Fulham,6.39,6.319000000000001,0.0,0.0,0.0,0.5,79.8,1.0,0.5,0.0,0.2,0.5,6.39,0.8,0.5,0.9,0.1,0.7,0.9,11.1,0.3,0.1,170.0,31.0,206,5,0,0,0,0,0,1,0,0,-0.45086708583875595,2.4942578991201834
207,Neto,Bournemouth,6.76,6.718999999999999,0.0,4.0,0.0,0.0,56.0,0.1,0.0,0.0,0.9,0.0,6.76,0.0,0.0,0.1,0.0,0.0,0.0,25.8,0.0,6.4,190.0,33.0,207,7,0,0,0,0,0,0,0,1,-3.846546771470181,1.4032418977618593
208,Nick Pope,Newcastle,6.793333333333334,6.779000000000001,0.0,1.6666666666666667,0.3333333333333333,0.0,49.300000000000004,0.0,0.03333333333333333,0.0,1.2666666666666666,0.06666666666666667,6.793333333333334,0.10000000000000002,0.0,0.13333333333333333,0.0,0.0,0.06666666666666667,23.266666666666666,0.0,7.233333333333333,191.0,31.0,208,7,0,0,0,0,0,0,0,1,-3.8306807347604743,1.470541202202858
209,Noni Madueke,Chelsea,6.74,6.754,0.16129032258064516,0.0,0.0,0.8,83.6,1.0,0.4,0.0,0.5,0.4,6.74,0.9,2.5,1.1,0.2,1.2,1.4,19.9,0.1,0.3,176.0,21.0,209,3,0,0,0,1,0,0,0,0,2.3616989301691076,1.2212525559473022
210,Nélson Semedo,Wolverhampton,6.746666666666667,6.495,0.010040160642570281,5.666666666666667,0.3333333333333333,0.5666666666666667,79.93333333333334,2.2666666666666666,1.1333333333333333,0.10000000000000002,2.066666666666667,0.9333333333333332,6.746666666666667,0.5333333333333333,1.4333333333333333,0.9,0.10000000000000002,0.8000000000000002,1.5666666666666667,38.733333333333334,0.3,1.1333333333333335,177.0,29.0,210,0,1,0,0,0,0,0,0,0,0.8647421324986624,-1.670442219566496
211,Odsonne Édouard,Crystal Palace,6.550000000000001,6.4799999999999995,0.3016884690091387,3.5,0.0,1.25,73.30000000000001,0.6499999999999999,0.8500000000000001,0.0,0.6,0.35,6.550000000000001,0.65,0.8,0.35,0.25,1.25,1.9500000000000002,13.25,0.0,0.05,187.0,25.0,211,1,0,1,0,0,0,0,0,0,1.5761884914867965,2.449405238531545
212,Oleksandr Zinchenko,Arsenal,6.916666666666667,6.647000000000001,0.01405152224824356,1.0,0.0,0.8666666666666667,89.43333333333334,1.3666666666666665,0.4666666666666666,0.3,1.0333333333333334,0.6,6.916666666666667,0.8666666666666667,0.4666666666666666,0.23333333333333336,0.06666666666666667,0.43333333333333335,0.7000000000000001,65.56666666666666,0.3,1.8,175.0,26.0,212,4,0,0,0,0,1,0,0,0,-0.9125795607706795,-1.8950634570014055
213,Oliver Skipp,Tottenham,6.475,6.273000000000001,0.0319375443577005,6.5,0.0,0.25,89.05,1.6,0.95,0.0,0.55,0.8500000000000001,6.475,0.4,0.35,0.8,0.05,0.6499999999999999,0.75,39.599999999999994,0.05,1.15,175.0,22.0,213,0,1,0,0,0,0,0,0,0,-0.9280530479761395,-0.11442736508263589
214,Ollie Watkins,Aston Villa,7.003333333333333,7.072999999999998,0.3757248919263824,4.333333333333333,0.3333333333333333,2.3666666666666667,70.73333333333333,0.5666666666666668,0.9666666666666667,0.0,0.7999999999999999,0.4666666666666666,7.003333333333333,1.0,0.9,1.1333333333333335,0.6,1.6333333333333335,2.6333333333333333,18.666666666666668,0.06666666666666667,0.16666666666666666,180.0,27.0,214,6,0,0,0,0,0,0,1,0,4.9594161219002535,0.7423090066522215
215,Orel Mangala,Nottingham Forest,6.47,6.635,0.06056527590847914,3.0,0.0,0.3,81.4,1.0,0.8,0.0,0.5,0.6,6.47,0.1,0.6,0.8,0.0,0.3,0.4,18.8,0.0,0.5,178.0,25.0,215,5,0,0,0,0,0,1,0,0,-1.3172806802635744,1.2992897766787883
216,Oriol Romeu,Girona,6.9,6.886999999999999,0.056497676683643444,7.5,0.0,0.7,82.3,2.7,1.35,0.05,0.9,1.65,6.9,0.85,0.75,0.9,0.0,0.65,1.15,53.6,0.1,2.3,183.0,31.0,216,0,1,0,0,0,0,0,0,0,1.083948054339314,-3.4184454283833774
217,Pablo Sarabia,Wolverhampton,6.38,6.411999999999999,0.11658031088082901,3.0,0.0,1.5,76.8,0.9,1.0,0.0,0.3,0.7,6.38,0.8,0.2,0.6,0.2,1.1,0.7,24.2,0.6,0.8,174.0,31.0,217,5,0,0,0,0,0,1,0,0,0.5509704764324761,1.6911187585165846
218,Pascal Struijk,Leeds,6.626666666666666,6.3950000000000005,0.05703655760258569,4.333333333333333,0.3333333333333333,0.4666666666666666,83.7,2.2666666666666666,0.9666666666666667,0.2333333333333333,2.4,0.7000000000000001,6.626666666666666,0.3333333333333333,0.16666666666666666,0.3333333333333333,0.0,0.3,0.6333333333333333,42.86666666666667,0.06666666666666667,1.7666666666666666,190.0,23.0,218,0,1,0,0,0,0,0,0,0,-1.9116572287338145,-1.488588398096806
219,Patrick Bamford,Leeds,6.616666666666667,6.447999999999998,0.3522752241237746,2.6666666666666665,0.0,2.2666666666666666,76.3,0.3333333333333333,0.7999999999999999,0.0,0.7999999999999999,0.4666666666666666,6.616666666666667,0.6,0.43333333333333335,0.7333333333333334,0.5666666666666667,0.5666666666666667,2.066666666666667,12.166666666666666,0.06666666666666667,0.10000000000000002,185.0,29.0,219,1,0,1,0,0,0,0,0,0,2.3111869145289354,2.6556836649982634
220,Patson Daka,Leicester,6.445,6.301,0.34587838541306426,2.0,0.0,1.05,71.25,0.6,0.75,0.0,0.25,0.5,6.445,0.6,0.15000000000000002,0.55,0.25,0.7,1.65,9.399999999999999,0.0,0.15000000000000002,183.0,24.0,220,1,0,1,0,0,0,0,0,0,0.5979606184381913,3.1879428489921424
221,Pedro Neto,Wolverhampton,6.6499999999999995,6.284999999999999,0.12299432953121776,3.0,0.0,1.4000000000000001,86.06666666666668,0.4666666666666666,0.46666666666666673,0.0,0.16666666666666666,0.6333333333333333,6.6499999999999995,1.3666666666666665,1.3,0.9,0.10000000000000002,0.9666666666666667,1.8666666666666665,21.53333333333333,1.1333333333333333,0.4666666666666666,172.0,23.0,221,3,0,0,0,1,0,0,0,0,2.2954464479665213,1.0722317101765515
222,Pedro Porro,Tottenham,6.86,6.725,0.1717557251908397,0.0,0.0,1.7,75.8,1.6,0.9,0.2,1.4,1.8,6.86,1.6,1.0,1.1,0.1,0.5,1.0,31.6,1.8,0.9,173.0,23.0,222,2,0,0,1,0,0,0,0,0,2.7585722334426497,-1.6925027815723284
223,Philip Billing,Bournemouth,6.82,6.694,0.2335928809788654,5.0,0.0,1.1,79.0,1.7,0.8,0.1,1.4,0.8,6.82,0.7,0.7,0.9,0.1,1.0,1.2,27.1,0.2,0.6,193.0,26.0,223,3,0,0,0,1,0,0,0,0,1.3002559472984772,-0.5994897395005242
224,Pierre-Emerick Aubameyang,Chelsea,6.546666666666667,5.980999999999999,0.29820078111433074,2.0,0.0,1.8666666666666665,74.36666666666666,0.43333333333333335,0.6000000000000001,0.0,0.3666666666666667,0.39999999999999997,6.546666666666667,0.5666666666666668,0.23333333333333336,0.4333333333333333,0.4333333333333333,0.4333333333333333,1.0333333333333334,14.200000000000001,0.13333333333333333,0.23333333333333336,187.0,33.0,224,1,0,1,0,0,0,0,0,0,0.598690232379464,3.150810207232405
225,Pierre-Emile Højbjerg,Tottenham,7.043333333333333,6.797999999999999,0.07460166787138983,5.666666666666667,0.0,0.7333333333333334,88.93333333333334,2.1333333333333333,1.2333333333333334,0.0,1.5999999999999999,1.5,7.043333333333333,0.6666666666666666,0.8999999999999999,1.1666666666666667,0.0,0.7000000000000001,1.0,69.2,0.10000000000000002,3.6666666666666665,187.0,27.0,225,0,1,0,0,0,0,0,0,0,0.8814663853432467,-3.9107340972061904
226,Pontus Jansson,Brentford,6.67,6.542,0.102707135294484,3.5,0.0,0.44999999999999996,80.45,0.75,0.30000000000000004,0.44999999999999996,4.1,0.25,6.67,0.05,0.15000000000000002,0.15000000000000002,0.1,0.1,0.25,33.25,0.0,1.1,194.0,32.0,226,4,0,0,0,0,1,0,0,0,-3.1217906909518067,-0.31808987505554376
227,Raheem Sterling,Chelsea,7.043333333333333,6.575,0.40078029579801616,3.0,0.0,1.8666666666666665,83.3,0.7000000000000001,0.8666666666666667,0.0,0.10000000000000002,0.26666666666666666,7.043333333333333,1.3,1.7333333333333334,1.2,0.3333333333333333,2.1,1.9333333333333336,28.46666666666667,0.2333333333333333,0.19999999999999998,172.0,28.0,227,6,0,0,0,0,0,0,1,0,4.888995395230356,0.47580356075662655
228,Rasmus Kristensen,Leeds,6.63,6.305000000000001,0.14423076923076922,4.0,0.0,0.5,68.0,2.4,0.8,0.2,2.2,1.3,6.63,0.3,0.3,0.2,0.0,0.2,0.2,31.4,0.2,1.1,187.0,25.0,228,5,0,0,0,0,0,1,0,0,-1.6855296067168166,-0.6089330441518753
229,Reece James,Chelsea,7.083333333333333,6.939,0.11708981272365164,3.6666666666666665,0.3333333333333333,1.1666666666666667,89.56666666666666,1.6333333333333335,0.7999999999999999,0.13333333333333333,1.0999999999999999,0.5,7.083333333333333,1.4666666666666668,1.3,0.9333333333333332,0.16666666666666666,0.7999999999999999,0.8666666666666667,53.1,1.0333333333333334,2.1333333333333333,182.0,23.0,229,2,0,0,1,0,0,0,0,0,2.0949604234026546,-2.9417353058638955
230,Remo Freuler,Nottingham Forest,6.37,6.469000000000001,0.0,4.0,0.0,0.3,79.6,1.5,0.9,0.0,1.5,0.9,6.37,0.4,0.2,0.4,0.0,0.3,0.7,29.6,0.1,0.8,181.0,31.0,230,5,0,0,0,0,0,1,0,0,-1.7612083377714172,0.624989146704631
231,Renan Lodi,Nottingham Forest,6.55,6.517000000000001,0.0,7.0,0.0,0.6,71.2,1.9,1.0,0.2,2.2,1.2,6.55,0.5,0.6,1.5,0.1,0.5,0.7,24.3,0.4,1.3,173.0,25.0,231,0,1,0,0,0,0,0,0,0,-0.17031042334697685,-0.826902814280363
232,Richarlison,Tottenham,6.793333333333334,6.45,0.2219717497538384,5.333333333333333,0.3333333333333333,1.9333333333333333,68.8,1.1666666666666667,0.9,0.0,0.8000000000000002,0.7000000000000001,6.793333333333334,0.7666666666666666,1.1666666666666667,1.7333333333333332,0.5666666666666667,1.3666666666666665,2.1666666666666665,16.433333333333334,0.16666666666666666,0.3666666666666667,184.0,26.0,232,6,0,0,0,0,0,0,1,0,3.9530464741893687,1.0805801883452575
233,Rico Henry,Brentford,6.585,6.559,0.04849137931034483,3.0,0.0,0.5,74.65,1.15,0.75,0.2,1.7000000000000002,0.55,6.585,0.55,0.75,0.9,0.05,1.05,1.2999999999999998,28.3,0.6,1.1,170.0,25.0,233,5,0,0,0,0,0,1,0,0,-0.01772955239274035,0.30622875305832276
234,Roberto Firmino,Liverpool,6.933333333333334,6.436,0.5061616615569514,1.6666666666666667,0.0,1.8,79.96666666666667,0.9333333333333332,0.43333333333333335,0.0,0.19999999999999998,0.6666666666666666,6.933333333333334,0.9333333333333332,1.0,0.3333333333333333,0.16666666666666666,1.1666666666666667,1.8333333333333333,27.433333333333334,0.06666666666666667,0.4666666666666666,181.0,31.0,234,3,0,0,0,1,0,0,0,0,2.6452838969677943,1.060576620534873
235,Robin Koch,Leeds,6.486666666666667,6.348999999999999,0.0,3.6666666666666665,0.0,0.5333333333333333,80.36666666666667,1.3666666666666665,1.0333333333333334,0.3,2.733333333333334,0.9,6.486666666666667,0.19999999999999998,0.16666666666666666,0.5,0.0,0.09999999999999999,0.46666666666666673,41.46666666666667,0.0,2.1999999999999997,192.0,26.0,235,5,0,0,0,0,0,1,0,0,-2.5400669911965776,-0.6958353352157354
236,Rodri,Manchester City,7.286666666666666,6.936,0.11510689761109262,5.333333333333333,0.0,1.2333333333333332,91.46666666666665,2.066666666666667,1.3,0.03333333333333333,1.3666666666666665,0.8333333333333334,7.286666666666666,0.9333333333333332,0.6333333333333333,0.7000000000000001,0.06666666666666667,0.6,0.6,83.8,0.10000000000000002,4.966666666666666,190.0,26.0,236,0,1,0,0,0,0,0,0,0,0.7496428059379069,-4.813783778458434
237,Rodrigo,Leeds,6.646666666666667,6.510000000000001,0.45202806780638793,6.0,0.0,1.8333333333333333,74.96666666666667,0.6333333333333333,0.7666666666666666,0.0,0.7000000000000001,0.6666666666666666,6.646666666666667,0.9666666666666667,0.5666666666666667,0.5666666666666667,0.16666666666666666,0.8333333333333334,1.8666666666666665,22.066666666666666,0.23333333333333336,1.0333333333333334,182.0,32.0,237,3,0,0,0,1,0,0,0,0,2.050724620041578,1.2354148866107035
238,Roméo Lavia,Southampton,6.59,6.641999999999999,0.04151291512915129,9.0,0.0,0.4,86.4,2.0,1.0,0.0,0.8,1.1,6.59,0.6,1.0,1.7,0.0,1.1,0.8,34.6,0.1,1.6,181.0,19.0,238,0,1,0,0,0,0,0,0,0,0.798190235900656,-1.3524502090875914
239,Ruben Loftus-Cheek,Chelsea,6.6433333333333335,6.45,0.015682174594877158,1.6666666666666667,0.0,0.7999999999999999,86.16666666666667,1.0,0.7000000000000001,0.0,0.7000000000000001,0.43333333333333335,6.6433333333333335,0.6666666666666666,1.4333333333333333,1.5999999999999999,0.06666666666666667,1.2333333333333332,1.4666666666666668,32.43333333333334,0.10000000000000002,0.5333333333333333,191.0,27.0,239,3,0,0,0,1,0,0,0,0,1.2840936683088016,0.7026420688716758
240,Ryan Christie,Bournemouth,6.58,6.8950000000000005,0.050647158131682614,2.0,0.0,1.1,82.6,1.1,1.1,0.0,0.5,1.1,6.58,1.0,1.2,1.4,0.0,1.0,1.5,18.9,0.4,0.7,178.0,28.0,240,3,0,0,0,1,0,0,0,0,1.9671624886791277,0.22453378717799996
241,Ryan Fraser,Newcastle,6.3566666666666665,6.435,0.04078857919782461,1.3333333333333333,0.3333333333333333,0.7999999999999999,77.93333333333334,0.3,0.3666666666666667,0.0,0.3,0.3,6.3566666666666665,0.9666666666666667,0.10000000000000002,1.1,0.06666666666666667,0.26666666666666666,0.7999999999999999,13.966666666666667,1.0,0.2333333333333333,163.0,29.0,241,5,0,0,0,0,0,1,0,0,-0.5731515026685798,2.329894297322251
242,Ryan Fredericks,Bournemouth,6.239999999999999,6.1080000000000005,0.05291005291005291,1.3333333333333333,0.0,0.09999999999999999,75.03333333333335,0.39999999999999997,0.5,0.03333333333333333,1.4333333333333333,0.2333333333333333,6.239999999999999,0.4333333333333333,0.16666666666666666,0.3,0.03333333333333333,0.19999999999999998,0.26666666666666666,15.566666666666668,0.20000000000000004,0.16666666666666666,181.0,30.0,242,5,0,0,0,0,0,1,0,0,-2.7284949683910695,3.06069400682758
243,Ryan Yates,Nottingham Forest,6.46,6.443999999999998,0.0,4.0,0.0,1.0,78.3,1.4,1.9,0.1,1.7,0.3,6.46,0.3,0.2,2.1,0.0,0.6,0.7,22.0,0.0,1.0,190.0,25.0,243,0,1,0,0,0,0,0,0,0,-0.10266765577511684,0.19219690391511413
244,Rúben Dias,Manchester City,6.883333333333333,6.995,0.03550321812795897,4.0,0.0,0.4666666666666666,93.10000000000001,0.8333333333333334,0.7666666666666666,0.5666666666666667,2.3666666666666667,0.3,6.883333333333333,0.2333333333333333,0.19999999999999998,0.39999999999999997,0.03333333333333333,0.13333333333333333,0.19999999999999998,80.89999999999999,0.0,3.1333333333333333,186.0,26.0,244,4,0,0,0,0,1,0,0,0,-2.690050335003102,-3.3306859621522555
245,Rúben Neves,Wolverhampton,6.88,6.8790000000000004,0.16149566336233542,9.666666666666666,0.0,1.7,84.13333333333334,2.2666666666666666,1.0666666666666667,0.06666666666666667,1.6333333333333335,1.5,6.88,0.8666666666666667,0.5666666666666667,0.4666666666666666,0.0,0.43333333333333335,0.7666666666666666,57.5,0.2333333333333333,5.833333333333333,180.0,26.0,245,0,1,0,0,0,0,0,0,0,0.379056446576446,-3.8095164652797893
246,Sam Johnstone,Crystal Palace,6.735,6.792999999999999,0.0,1.0,0.0,0.0,56.15,0.0,0.05,0.0,1.2,0.0,6.735,0.0,0.0,0.05,0.0,0.0,0.05,28.9,0.0,6.6,193.0,30.0,246,7,0,0,0,0,0,0,0,1,-3.9789081967615747,1.6130311974550442
247,Sam Surridge,Nottingham Forest,6.09,6.000000000000001,0.2931596091205212,2.0,0.0,0.5,51.4,0.3,0.6,0.0,0.3,0.2,6.09,0.1,0.1,0.5,0.2,0.2,0.7,3.9,0.0,0.1,191.0,24.0,247,1,0,1,0,0,0,0,0,0,-1.8205898022549836,5.293823804074982
248,Sasa Lukic,Fulham,6.15,6.212000000000001,0.0,1.0,0.0,0.4,87.9,0.7,1.1,0.0,0.3,0.3,6.15,0.0,0.3,0.6,0.0,0.1,0.2,18.0,0.0,0.5,183.0,26.0,248,5,0,0,0,0,0,1,0,0,-2.494541361008131,2.6420135010109678
249,Sean Longstaff,Newcastle,6.463333333333334,6.564,0.032452832035791114,1.6666666666666667,0.0,0.7666666666666666,81.76666666666667,1.6666666666666667,0.8333333333333334,0.0,0.7000000000000001,1.2666666666666666,6.463333333333334,0.5,0.2333333333333333,0.9666666666666667,0.06666666666666667,0.6666666666666666,0.9333333333333335,28.03333333333333,0.19999999999999998,1.8333333333333333,180.0,25.0,249,5,0,0,0,0,0,1,0,0,-0.3433839259545623,0.43840622624382597
250,Shandon Baptiste,Brentford,6.275,6.135,0.049723756906077346,0.5,1.0,0.35,85.6,0.6499999999999999,0.4,0.0,0.5,0.4,6.275,0.45,0.6,0.5,0.0,0.45,0.85,13.1,0.1,0.5,175.0,25.0,250,1,0,1,0,0,0,0,0,0,-1.6558420304626238,2.46502384738784
251,Son Heung-Min,Tottenham,7.239999999999999,6.967000000000001,0.4977667360734088,1.3333333333333333,0.0,2.1999999999999997,83.86666666666666,0.6666666666666666,0.4000000000000001,0.0,0.13333333333333333,0.8666666666666667,7.239999999999999,1.9333333333333336,1.1666666666666667,1.1666666666666667,0.4666666666666666,1.4000000000000001,1.8333333333333333,26.433333333333334,1.0333333333333332,0.5666666666666668,184.0,30.0,251,6,0,0,0,0,0,0,1,0,5.635936323636497,-0.45162231432627703
252,Stuart Armstrong,Southampton,6.5566666666666675,6.5760000000000005,0.12758494824483102,3.3333333333333335,0.0,1.3,81.46666666666667,1.3,0.6333333333333333,0.03333333333333333,0.4666666666666666,0.9666666666666667,6.5566666666666675,0.8666666666666667,1.3,0.8333333333333334,0.03333333333333333,1.3666666666666665,1.5666666666666667,28.433333333333334,0.3,0.6666666666666666,183.0,31.0,252,3,0,0,0,1,0,0,0,0,1.6701257360045896,0.5909001535703675
253,Sven Botman,Newcastle,6.73,6.581999999999999,0.0,2.0,0.0,0.6,86.7,1.1,0.4,0.5,3.2,0.2,6.73,0.3,0.0,0.3,0.1,0.1,0.3,48.9,0.0,2.9,193.0,23.0,253,4,0,0,0,0,1,0,0,0,-3.1360219424190525,-1.3132139448611895
254,Séamus Coleman,Everton,6.6066666666666665,6.599999999999999,0.02928308243543165,1.6666666666666667,0.0,0.3666666666666667,77.53333333333335,1.7,0.4666666666666666,0.13333333333333333,1.9333333333333333,0.4666666666666666,6.6066666666666665,0.46666666666666673,0.8666666666666667,0.7333333333333334,0.06666666666666667,0.6333333333333333,1.1333333333333335,27.900000000000002,0.4000000000000001,1.3666666666666665,177.0,34.0,254,5,0,0,0,0,0,1,0,0,-0.712614040435632,0.2551647103562739
255,Taiwo Awoniyi,Nottingham Forest,6.46,6.6579999999999995,0.6122448979591837,2.0,0.0,1.3,67.2,0.6,0.9,0.0,0.7,0.2,6.46,0.3,0.2,0.7,0.6,1.0,2.4,7.8,0.0,0.0,183.0,25.0,255,1,0,1,0,0,0,0,0,0,2.2700431993649026,3.74786785666043
256,Theo Walcott,Southampton,6.323333333333333,6.392999999999998,0.11201304640988514,0.3333333333333333,0.0,1.0333333333333332,72.96666666666667,0.7000000000000001,0.3666666666666667,0.0,0.23333333333333336,0.7999999999999999,6.323333333333333,0.5,0.5,0.8333333333333334,0.46666666666666673,0.6666666666666666,1.6666666666666667,13.366666666666667,0.10000000000000002,0.19999999999999998,176.0,34.0,256,1,0,1,0,0,0,0,0,0,0.5312959123519765,3.4366749511500037
257,Thiago Silva,Chelsea,6.993333333333333,6.715000000000001,0.06490920535857139,2.3333333333333335,0.3333333333333333,0.5666666666666667,92.36666666666667,1.1333333333333333,0.4666666666666666,0.5666666666666667,3.5666666666666664,0.3,6.993333333333333,0.20000000000000004,0.13333333333333333,0.5333333333333333,0.0,0.06666666666666667,0.2333333333333333,80.63333333333334,0.0,4.8999999999999995,183.0,38.0,257,4,0,0,0,0,1,0,0,0,-3.162385746954501,-3.7810632181556962
258,Timothy Castagne,Leicester,6.746666666666667,6.602000000000001,0.05863182832660877,1.6666666666666667,0.0,0.3666666666666667,82.3,2.2666666666666666,0.6666666666666666,0.20000000000000004,2.066666666666667,0.8333333333333334,6.746666666666667,0.6666666666666666,0.3,0.39999999999999997,0.06666666666666667,0.43333333333333335,0.9333333333333332,43.53333333333333,0.3666666666666667,1.1,185.0,27.0,258,5,0,0,0,0,0,1,0,0,-0.9410780295855811,-1.2969350416628753
259,Tom Cairney,Fulham,6.57,6.433,0.16029863855950813,2.0,0.0,0.8999999999999999,90.1,0.7,0.35,0.0,0.1,0.2,6.57,1.05,0.9500000000000001,1.2,0.05,0.8500000000000001,1.1,40.3,0.75,2.5,185.0,32.0,259,5,0,0,0,0,0,1,0,0,0.5814865567950868,0.6997453249641096
260,Tom Davies,Everton,6.29,6.047,0.0,3.0,0.0,0.4,78.0,1.0,0.75,0.0,0.6000000000000001,0.65,6.29,0.15000000000000002,0.44999999999999996,0.65,0.05,0.30000000000000004,0.8500000000000001,20.0,0.05,1.0,180.0,24.0,260,5,0,0,0,0,0,1,0,0,-1.7614501511982619,2.25249544652038
261,Tosin Adarabioyo,Fulham,6.725,6.95,0.022567703109327986,2.5,0.0,0.6,84.2,1.1,0.6,0.9,5.75,0.44999999999999996,6.725,0.25,0.25,0.2,0.1,0.2,0.25,54.400000000000006,0.0,3.55,196.0,25.0,261,4,0,0,0,0,1,0,0,0,-3.550894222340154,-3.0688586716108524
262,Toti,Wolverhampton,6.83,6.775,0.04692387904066736,3.5,0.0,0.3,79.05,1.8499999999999999,0.75,0.3,3.1,0.4,6.83,0.15,0.95,0.55,0.2,0.35,0.6000000000000001,40.0,0.15,1.3,187.0,24.0,262,4,0,0,0,0,1,0,0,0,-1.1596781774933955,-1.4562079710642153
263,Trent Alexander-Arnold,Liverpool,7.21,7.528999999999999,0.0619174121406911,3.0,0.0,1.3666666666666665,78.7,1.4666666666666668,0.5333333333333333,0.3666666666666667,1.0666666666666667,0.8333333333333334,7.21,2.2666666666666666,0.7666666666666666,0.2333333333333333,0.16666666666666666,0.6,1.0333333333333334,65.16666666666667,2.1666666666666665,5.2,175.0,24.0,263,2,0,0,1,0,0,0,0,0,1.986316624261866,-4.533965081927077
264,Trevoh Chalobah,Chelsea,6.755000000000001,6.487,0.09303928325292901,3.0,0.0,0.4,89.65,1.6,0.75,0.2,2.2,0.45,6.755000000000001,0.2,0.4,0.5,0.0,0.30000000000000004,0.4,55.0,0.05,1.85,190.0,23.0,264,4,0,0,0,0,1,0,0,0,-1.9207879171409756,-1.446645711153948
265,Tyrick Mitchell,Crystal Palace,6.663333333333334,6.691,0.017543859649122806,2.3333333333333335,0.3333333333333333,0.13333333333333333,71.3,2.766666666666667,0.5666666666666668,0.20000000000000004,2.1999999999999997,0.7333333333333334,6.663333333333334,0.39999999999999997,0.5,0.43333333333333335,0.06666666666666667,0.6,1.0333333333333334,35.36666666666667,0.39999999999999997,1.4000000000000001,175.0,23.0,265,5,0,0,0,0,0,1,0,0,-1.168161643951276,-0.9883803195628517
266,Tyrone Mings,Aston Villa,6.77,7.011,0.03799355287381533,7.0,0.3333333333333333,0.4333333333333333,81.0,0.6333333333333333,0.6333333333333333,0.6,4.466666666666667,0.2333333333333333,6.77,0.19999999999999998,0.2333333333333333,0.6,0.06666666666666667,0.13333333333333333,0.39999999999999997,49.166666666666664,0.0,3.1999999999999997,196.0,30.0,266,4,0,0,0,0,1,0,0,0,-2.85368613813811,-2.6292231918130002
267,Vicente Guaita,Crystal Palace,6.640000000000001,6.840000000000001,0.0,1.6666666666666667,0.0,0.0,64.0,0.0,0.0,0.0,0.8666666666666667,0.0,6.640000000000001,0.0,0.0,0.13333333333333333,0.0,0.0,0.0,25.833333333333332,0.0,5.633333333333333,190.0,36.0,267,7,0,0,0,0,0,0,0,1,-3.8812051581296734,1.7655347103486165
268,Virgil van Dijk,Liverpool,6.866666666666667,7.053999999999999,0.14200913619832264,2.3333333333333335,0.0,0.9,90.0,0.6333333333333333,0.5,1.0666666666666667,2.966666666666667,0.13333333333333333,6.866666666666667,0.16666666666666666,0.10000000000000002,0.23333333333333336,0.10000000000000002,0.03333333333333333,0.16666666666666666,75.56666666666666,0.0,5.066666666666666,195.0,31.0,268,4,0,0,0,0,1,0,0,0,-3.424038858714119,-3.4987409043323114
269,Vitalii Mykolenko,Everton,6.635,6.505,0.04261363636363636,2.0,0.0,0.44999999999999996,74.5,1.7999999999999998,0.95,0.2,2.35,0.7,6.635,0.6,0.25,0.6499999999999999,0.0,0.25,0.8500000000000001,27.0,0.5,1.05,180.0,24.0,269,5,0,0,0,0,0,1,0,0,-1.137905003504312,-0.3792903715750285
270,Vitaly Janelt,Brentford,6.6850000000000005,6.492,0.14157505217668517,2.5,0.0,0.65,79.25,1.8,0.7,0.05,0.85,0.75,6.6850000000000005,0.55,0.35,0.7,0.1,0.35,0.8,29.25,0.2,1.85,184.0,25.0,270,5,0,0,0,0,0,1,0,0,-0.497559389839385,0.08211284126693888
271,Wesley Fofana,Chelsea,6.8500000000000005,6.4799999999999995,0.026269702276707527,4.0,0.0,0.4000000000000001,88.33333333333333,1.8666666666666665,1.0333333333333334,0.5333333333333333,3.1333333333333333,0.6666666666666666,6.8500000000000005,0.19999999999999998,0.4666666666666666,1.2,0.03333333333333333,0.3666666666666667,0.7666666666666666,64.89999999999999,0.03333333333333333,1.9666666666666668,190.0,22.0,271,4,0,0,0,0,1,0,0,0,-1.5027929064853351,-3.1337533012968657
272,Weston McKennie,Leeds,6.44,6.388,0.0,7.0,0.0,0.6,77.9,1.5,1.1,0.0,1.4,1.1,6.44,0.7,0.6,0.3,0.1,1.3,1.4,31.7,0.2,1.6,183.0,24.0,272,0,1,0,0,0,0,0,0,0,0.10793653167417175,0.1126696603494393
273,Wilfried Gnonto,Leeds,6.5,6.305,0.13323464100666174,7.0,0.0,1.0,77.0,1.2,1.2,0.0,0.1,0.9,6.5,1.0,0.9,1.7,0.1,0.8,1.3,19.7,0.3,0.1,172.0,19.0,273,0,1,0,0,0,0,0,0,0,1.8043604775628046,0.7258465440658445
274,Wilfried Zaha,Crystal Palace,6.896666666666667,6.6049999999999995,0.36986537079024595,5.0,0.3333333333333333,2.1666666666666665,79.83333333333333,1.0999999999999999,1.1666666666666667,0.0,0.13333333333333333,0.5666666666666667,6.896666666666667,1.1333333333333333,2.033333333333333,2.966666666666667,0.6333333333333333,2.966666666666667,3.6333333333333333,24.8,0.26666666666666666,0.3333333333333333,180.0,30.0,274,6,0,0,0,0,0,0,1,0,7.944233777227466,0.5378410179377299
275,Will Hughes,Crystal Palace,6.380000000000001,6.447,0.0,5.0,0.0,0.30000000000000004,83.5,1.4500000000000002,0.9,0.0,0.44999999999999996,0.44999999999999996,6.380000000000001,0.4,0.3,0.65,0.0,0.44999999999999996,0.65,21.85,0.25,0.8,185.0,28.0,275,5,0,0,0,0,0,1,0,0,-1.3584245148453988,0.9796635199784824
276,William Saliba,Arsenal,6.77,6.8069999999999995,0.07450331125827815,4.0,0.0,0.2,91.0,1.3,0.7,0.5,3.0,0.1,6.77,0.2,0.3,0.5,0.0,0.2,0.6,69.0,0.0,2.4,192.0,22.0,276,4,0,0,0,0,1,0,0,0,-2.663569777203639,-2.556092167830001
277,Willy Boly,Nottingham Forest,6.66,6.805,0.015957446808510637,1.6666666666666667,0.0,0.3333333333333333,80.46666666666667,1.8,0.6,0.5333333333333333,3.8000000000000003,0.5666666666666667,6.66,0.10000000000000002,0.19999999999999998,0.3666666666666667,0.13333333333333333,0.13333333333333333,0.3333333333333333,43.06666666666666,0.0,1.5666666666666667,195.0,32.0,277,4,0,0,0,0,1,0,0,0,-2.8181660700096653,-1.497813936787075
278,Wout Faes,Leicester,6.64,6.708999999999999,0.0,4.0,1.0,0.4,85.3,1.9,0.8,0.6,3.5,0.5,6.64,0.3,0.3,0.5,0.0,0.2,0.5,59.4,0.0,2.5,187.0,25.0,278,4,0,0,0,0,1,0,0,0,-2.811497267898665,-3.044558364384124
279,Yoane Wissa,Brentford,6.515,6.497,0.45539215686274515,1.0,0.0,1.0,70.65,0.4,0.4,0.0,0.30000000000000004,0.35,6.515,0.35,0.55,0.6499999999999999,0.35,0.44999999999999996,1.1,8.8,0.0,0.2,176.0,26.0,279,1,0,1,0,0,0,0,0,0,0.5152973648030218,3.4505464825820122
280,Youri Tielemans,Leicester,6.919999999999999,6.518000000000001,0.1617458610017363,4.333333333333333,0.0,1.3666666666666665,82.33333333333333,2.2666666666666666,1.0333333333333334,0.0,0.7666666666666667,1.5999999999999999,6.919999999999999,1.1333333333333333,0.9,1.0999999999999999,0.0,0.7666666666666666,1.2,55.9,0.4666666666666666,2.5,176.0,26.0,280,0,1,0,0,0,0,0,0,0,1.8833477953057094,-2.5324120535752446
281,Zanka,Brentford,6.4,6.457000000000001,0.08704061895551257,1.5,0.0,0.25,80.45,1.1,0.8500000000000001,0.1,1.9000000000000001,0.45,6.4,0.25,0.0,0.15000000000000002,0.05,0.25,0.1,28.700000000000003,0.15,1.2999999999999998,191.0,33.0,281,5,0,0,0,0,0,1,0,0,-2.613631352024913,1.0756794865815857
282,Álex Moreno,Aston Villa,6.71,6.74,0.0,3.0,0.0,0.7,79.4,1.2,0.9,0.3,1.6,1.2,6.71,1.2,1.2,0.6,0.0,0.8,2.0,30.5,0.8,0.5,179.0,29.0,282,2,0,0,1,0,0,0,0,0,1.226361685976287,-1.0631995700839454
283,Édouard Mendy,Chelsea,6.533333333333334,6.3180000000000005,0.0,2.0,0.0,0.0,80.73333333333333,0.0,0.0,0.0,0.6,0.03333333333333333,6.533333333333334,0.0,0.0,0.13333333333333333,0.0,0.0,0.03333333333333333,25.599999999999998,0.0,3.733333333333333,194.0,31.0,283,7,0,0,0,0,0,0,0,1,-3.86749779709846,2.1210506866864773
