,player_name,Current Team,overall_ratings,avg_rating_10_games,goals_per_90min,yels,reds,shoots_per_game,pass_success,tackles,fouls,offsides_won,clear,drb,blocks,key_pass,drb_won,fouls_given,offsides_given,dispossessed,turnover,total_pass,crosses,long_pass,Height,age,index,position,market_value,cluster,cluster 0,cluster 1,cluster 2,cluster 3,cluster 4,cluster 5,cluster 6,cluster 7,x,y,PCA 1,PCA 2
0,Aaron Hickey,Brentford,6.45,6.276,0.0,7.0,0.0,0.4,84.7,1.5,0.8,0.2,0.8,0.5,6.45,0.2,0.6,1.4,0.0,0.5,0.6,28.4,0.2,1.1,178,20,0,Left-Back,18.0,3,0,0,0,1,0,0,0,0,30,20,-1.1408363306915337,0.07147753429536277
1,Aaron Ramsdale,Arsenal,6.61,6.553,0.0,1.0,0.0,0.0,56.43333333,0.033333333,0.0,0.0,0.966666667,0.0,6.61,0.033333333,0.033333333,0.1,0.0,0.0,0.033333333,27.0,0.0,5.233333333,188,25,1,Goalkeeper,38.0,2,0,0,1,0,0,0,0,0,10,40,-3.9907774162588825,2.3277184337188097
2,Abdoulaye Doucouré,Everton,6.643333333,6.701,0.131501726,6.0,0.333333333,0.833333333,81.7,1.866666667,0.966666667,0.033333333,0.766666667,1.1,6.643333333,0.7,0.733333333,0.366666667,0.1,0.7,1.2,34.6,0.033333333,0.8,184,30,2,Central Midfield,12.0,5,0,0,0,0,0,1,0,0,40,40,0.5195227393452192,-0.7693970472453576
3,Adam Forshaw,Leeds,6.26,6.253,0.0,2.5,0.0,0.3,83.25,1.65,0.85,0.05,0.35,1.1,6.26,0.5,0.5,0.55,0.05,0.35,0.8,26.0,0.15,1.6,174,31,3,Central Midfield,1.8,3,0,0,0,1,0,0,0,0,40,40,-1.4006449837228574,1.1647152357793285
4,Adam Smith,Bournemouth,6.32,6.371,0.0,10.0,0.0,0.1,75.1,1.3,0.8,0.1,1.9,0.9,6.32,0.4,0.2,0.7,0.0,0.1,0.6,25.8,0.5,1.6,180,32,4,Right-Back,1.5,3,0,0,0,1,0,0,0,0,30,60,-2.0283898246817027,0.03762688970966604
5,Adama Traoré,Wolverhampton,6.836666667,6.262,0.09364933,2.0,0.0,0.966666667,76.0,0.533333333,0.8,0.0,0.266666667,0.2,6.836666667,1.033333333,3.2,1.533333333,0.3,1.366666667,2.366666667,15.16666667,0.566666667,0.4,178,27,5,Right Winger,12.0,6,0,0,0,0,0,0,1,0,90,60,4.070044275901884,1.5511039823308115
6,Ainsley Maitland-Niles,Southampton,6.473333333,6.441,0.0,1.666666667,0.0,0.3,78.93333333,1.5,0.6,0.133333333,1.233333333,0.8,6.473333333,0.333333333,0.8,0.533333333,0.066666667,0.933333333,1.4,25.9,0.2,1.066666667,177,25,6,Right Midfield,8.0,3,0,0,0,1,0,0,0,0,40,60,-0.6865325212842911,0.9347517043752016
7,Alexander Isak,Newcastle,7.08,7.143,0.625434329,3.0,0.0,2.3,77.2,0.8,0.9,0.0,0.3,0.8,7.08,0.8,1.4,0.7,0.2,1.1,1.8,16.1,0.0,0.7,192,23,7,Centre-Forward,50.0,7,0,0,0,0,0,0,0,1,100,40,4.197829087539501,0.2296688191540274
8,Alisson,Liverpool,6.843333333,6.897,0.01010101,0.666666667,0.0,0.0,84.5,0.066666667,0.0,0.0,1.2,0.066666667,6.843333333,0.0,0.066666667,0.133333333,0.0,0.0,0.0,32.03333333,0.0,3.966666667,193,30,8,Goalkeeper,45.0,2,0,0,1,0,0,0,0,0,10,40,-3.345957315442271,0.561127957264204
9,Allan Saint-Maximin,Newcastle,6.993333333,6.744,0.139312204,2.333333333,0.0,1.366666667,77.73333333,0.466666667,0.433333333,0.0,0.033333333,0.3,6.993333333,1.233333333,3.4,1.266666667,0.2,1.966666667,2.266666667,17.36666667,0.233333333,0.7,173,26,9,Left Winger,35.0,7,0,0,0,0,0,0,0,1,90,20,4.737578466847646,0.9075459937189122
10,Amadou Onana,Everton,6.69,6.73,0.037406484,9.0,0.0,1.0,84.2,2.2,1.3,0.0,1.2,0.4,6.69,0.6,0.5,1.5,0.1,0.5,1.4,29.4,0.0,1.2,192,21,10,Defensive Midfield,42.0,5,0,0,0,0,0,1,0,0,45,40,0.8175794186858931,-1.266000849779504
11,Andrew Robertson,Liverpool,6.963333333,6.659,0.044279138,3.333333333,0.333333333,0.5,84.6,1.166666667,0.633333333,0.4,1.633333333,0.633333333,6.963333333,1.7,0.533333333,0.3,0.166666667,0.333333333,0.933333333,63.63333333,1.6,1.9,178,29,11,Left-Back,48.0,4,0,0,0,0,1,0,0,0,30,20,0.24496157680870234,-3.000037009498337
12,André Ayew,Nottingham Forest,6.08,6.097,0.0,1.0,0.0,0.3,72.9,0.4,0.3,0.0,0.6,0.2,6.08,0.1,0.1,0.7,0.1,0.3,0.3,5.8,0.0,0.0,175,33,12,Left Winger,2.2,3,0,0,0,1,0,0,0,0,90,20,-2.7606256198763326,4.328218692432572
13,Anthony Gordon,Newcastle,6.5,6.162,0.134558344,3.666666667,0.0,1.133333333,78.26666667,1.466666667,0.833333333,0.033333333,0.266666667,0.9,6.5,0.6,0.766666667,1.066666667,0.166666667,0.933333333,1.733333333,14.93333333,0.333333333,0.233333333,183,22,13,Left Winger,40.0,6,0,0,0,0,0,0,1,0,90,20,1.3068585933430523,1.5263593089078473
14,Antonee Robinson,Fulham,6.795,6.725,0.0,6.0,0.5,0.25,75.95,1.65,0.8,0.25,2.05,0.6,6.795,0.8,1.45,0.5,0.05,0.7,1.35,39.65,0.95,1.75,183,25,14,Left-Back,12.0,5,0,0,0,0,0,1,0,0,30,20,0.2616604770201785,-1.9576210899620201
15,Armando Broja,Chelsea,6.59,6.222,0.272589601,2.0,0.0,1.4,61.4,0.4,0.9,0.0,0.3,0.2,6.59,0.3,1.0,0.8,0.4,1.6,2.1,12.4,0.0,0.0,191,21,15,Centre-Forward,30.0,1,0,1,0,0,0,0,0,0,100,40,2.182165890571786,3.5252330223534223
16,Armel Bella-Kotchap,Southampton,6.71,6.712,0.0,4.0,0.0,0.6,80.3,1.5,0.4,0.3,4.5,0.2,6.71,0.3,0.2,1.4,0.0,0.3,0.4,38.6,0.0,2.0,190,21,16,Centre-Back,20.0,0,1,0,0,0,0,0,0,0,30,40,-2.204914017388553,-1.3984281395561982
17,Ashley Young,Aston Villa,6.505,6.53,0.022069642,4.5,0.0,0.45,78.75,1.25,0.75,0.2,1.55,0.3,6.505,0.5,0.35,1.2,0.0,0.15,0.55,27.45,0.3,1.4,175,37,17,Right-Back,1.0,3,0,0,0,1,0,0,0,0,30,60,-1.4957111704522146,0.16912812751009657
18,Ayoze Pérez,Real Betis,6.5,6.905,0.180146388,0.666666667,0.333333333,1.0,77.73333333,1.0,0.833333333,0.033333333,0.3,1.233333333,6.5,1.033333333,0.9,0.966666667,0.1,1.1,1.366666667,16.16666667,0.233333333,0.266666667,178,29,18,,,6,0,0,0,0,0,0,1,0,0,0,1.6899110249358522,1.080019642170627
19,Ben Chilwell,Chelsea,7.013333333,6.528,0.248273542,2.0,0.0,1.2,82.76666667,1.2,0.966666667,0.133333333,1.566666667,0.533333333,7.013333333,1.133333333,0.433333333,1.533333333,0.233333333,0.633333333,1.433333333,42.0,1.0,1.1,178,26,19,Left-Back,35.0,4,0,0,0,0,1,0,0,0,30,20,2.1412623204691235,-1.2743707592355793
20,Ben Godfrey,Everton,6.536666667,6.33,0.0,4.0,0.0,0.6,75.9,1.766666667,0.666666667,0.233333333,3.3,0.866666667,6.536666667,0.266666667,0.3,0.466666667,0.066666667,0.2,0.933333333,29.13333333,0.133333333,0.933333333,183,25,20,Centre-Back,15.0,3,0,0,0,1,0,0,0,0,30,40,-1.8804139725712203,-0.22979331661168673
21,Ben Mee,Brentford,6.946666667,6.872,0.099468856,2.666666667,0.0,0.766666667,72.8,1.133333333,0.433333333,0.5,4.166666667,0.4,6.946666667,0.2,0.2,0.433333333,0.033333333,0.033333333,0.333333333,39.46666667,0.0,3.6,180,33,21,Centre-Back,1.8,0,1,0,0,0,0,0,0,0,30,40,-2.5757186253177777,-1.8927577143568113
22,Ben White,Arsenal,6.72,6.682,0.02014775,3.666666667,0.333333333,0.333333333,84.73333333,1.466666667,0.7,0.433333333,2.2,0.7,6.72,0.433333333,0.4,0.633333333,0.0,0.266666667,0.633333333,52.23333333,0.133333333,2.233333333,186,25,22,Right-Back,50.0,0,1,0,0,0,0,0,0,0,30,60,-1.9074126177597173,-2.051970334018831
23,Benoît Badiashile,Chelsea,6.91,6.808,0.099557522,2.0,0.0,0.5,89.7,1.3,0.8,0.2,3.0,0.5,6.91,0.3,0.1,0.5,0.0,0.3,0.2,77.7,0.0,3.5,194,22,23,Centre-Back,40.0,0,1,0,0,0,0,0,0,0,30,40,-2.215338148442266,-2.7988444558727825
24,Bernd Leno,Fulham,6.64,6.803,0.0,1.0,0.333333333,0.0,71.8,0.1,0.033333333,0.0,0.9,0.033333333,6.64,0.0,0.0,0.066666667,0.0,0.0,0.0,29.0,0.0,4.366666667,189,31,24,Goalkeeper,10.0,2,0,0,1,0,0,0,0,0,10,40,-3.762883318896832,1.4482189362454732
25,Bobby De Cordova-Reid,Fulham,6.49,6.091,0.166795157,7.5,0.0,0.95,74.95,1.05,1.05,0.1,0.85,0.55,6.49,0.45,0.65,0.6,0.2,0.8,1.5,22.35,0.3,0.7,170,30,25,Attacking Midfield,7.0,1,0,1,0,0,0,0,0,0,65,40,0.42004465402626995,1.2031975323632604
26,Boubacar Kamara,Aston Villa,6.57,6.476,0.0,4.0,0.0,0.2,84.6,2.4,1.3,0.0,1.0,1.2,6.57,0.3,0.6,1.2,0.0,0.6,0.8,39.5,0.0,2.0,184,23,26,Defensive Midfield,25.0,5,0,0,0,0,0,1,0,0,45,40,-0.4860646249363229,-1.0815956141882186
27,Brenden Aaronson,Leeds,6.43,6.388,0.038249044,2.0,0.0,1.2,79.3,1.3,0.5,0.0,0.2,0.8,6.43,1.3,1.0,1.6,0.2,2.3,2.0,20.2,0.5,0.2,178,22,27,Attacking Midfield,30.0,6,0,0,0,0,0,0,1,0,65,40,2.8838314736895274,1.7761251629921844
28,Brennan Johnson,Nottingham Forest,6.5,6.403,0.252542967,6.0,0.0,1.5,62.6,0.9,1.0,0.0,0.1,0.5,6.5,0.8,0.9,0.6,0.5,0.7,2.0,11.6,0.3,0.1,179,22,28,Attacking Midfield,30.0,1,0,1,0,0,0,0,0,0,65,40,2.2044937659367014,2.5516746686735297
29,Bruno Guimarães,Newcastle,7.13,7.275,0.285654477,5.5,0.0,1.15,85.1,2.5,1.1,0.0,0.65,0.95,7.13,1.0,1.4,2.3,0.1,1.8,1.4,40.6,0.2,2.95,182,25,29,Defensive Midfield,60.0,7,0,0,0,0,0,0,0,1,45,40,4.112323041747874,-3.030152780044299
30,Bryan Mbeumo,Brentford,6.865,7.354,0.204233673,4.5,0.0,2.05,71.3,0.75,0.65,0.0,0.4,0.65,6.865,1.15,1.15,0.85,0.25,1.5,2.2,21.05,0.8,0.75,173,23,30,Right Winger,28.0,7,0,0,0,0,0,0,0,1,90,60,3.839000932949708,0.1861650247666307
31,Bukayo Saka,Arsenal,7.103333333,7.162,0.293096786,4.333333333,0.0,2.266666667,80.73333333,1.166666667,1.033333333,0.033333333,0.533333333,0.733333333,7.103333333,1.666666667,1.366666667,1.766666667,0.366666667,1.333333333,2.2,30.43333333,0.933333333,0.566666667,178,21,31,Right Winger,110.0,7,0,0,0,0,0,0,0,1,90,60,5.612401564206997,-1.391855421654406
32,Callum Wilson,Newcastle,6.786666667,7.369,0.634011177,3.333333333,0.0,2.066666667,68.5,0.433333333,1.233333333,0.0,0.4,0.233333333,6.786666667,0.7,0.666666667,1.266666667,0.733333333,1.366666667,2.833333333,9.766666667,0.033333333,0.1,180,31,32,Centre-Forward,18.0,7,0,0,0,0,0,0,0,1,100,40,5.097892970372085,2.1546072280261193
33,Calum Chambers,Aston Villa,6.563333333,6.106,0.036188179,1.0,0.0,0.4,82.1,0.933333333,0.766666667,0.133333333,2.633333333,0.266666667,6.563333333,0.466666667,0.133333333,0.166666667,0.0,0.2,0.366666667,35.0,0.266666667,1.6,182,28,33,Centre-Back,8.0,3,0,0,0,1,0,0,0,0,30,40,-2.584785544108521,0.5747310951614384
34,Carlos Alcaraz,Southampton,6.43,6.373,0.380952381,3.0,0.0,1.4,77.5,0.5,0.9,0.0,0.5,0.8,6.43,0.2,0.6,0.8,0.1,1.3,1.6,15.2,0.0,0.2,176,20,34,Central Midfield,12.0,1,0,1,0,0,0,0,0,0,40,40,1.2409833574320734,2.5150560523540877
35,Carlos Vinícius,Fulham,6.355,6.595,0.35310278,2.5,0.0,0.8,58.8,0.2,1.0,0.0,0.45,0.05,6.355,0.25,0.25,0.4,0.2,0.85,1.8,5.85,0.0,0.05,190,28,35,Centre-Forward,5.0,1,0,1,0,0,0,0,0,0,100,40,0.23438236648014563,3.950708944380899
36,Cheikhou Kouyaté,Nottingham Forest,6.566666667,6.362,0.044408932,3.333333333,0.0,0.266666667,78.1,1.633333333,1.066666667,0.133333333,1.933333333,0.5,6.566666667,0.266666667,0.4,0.566666667,0.033333333,0.333333333,0.8,25.66666667,0.0,1.4,189,33,36,Defensive Midfield,3.0,3,0,0,0,1,0,0,0,0,45,40,-1.556234918505363,0.22445101804971165
37,Chris Mepham,Bournemouth,6.58,6.905,0.0,7.0,0.0,0.3,83.7,1.7,0.6,0.5,5.6,0.4,6.58,0.2,0.1,0.3,0.0,0.1,0.2,39.3,0.0,1.8,193,25,37,Centre-Back,6.0,0,1,0,0,0,0,0,0,0,30,40,-3.4885819681697963,-2.3520608438248787
38,Chris Richards,Crystal Palace,6.4,6.509,0.0,0.0,0.0,0.4,84.1,1.0,0.2,0.1,3.3,0.2,6.4,0.1,0.0,0.1,0.1,0.2,0.3,21.7,0.0,1.2,188,23,38,Centre-Back,10.0,3,0,0,0,1,0,0,0,0,30,40,-3.321467169669206,1.5490032828815807
39,Christian Nørgaard,Brentford,6.95,6.723,0.069541443,7.0,0.0,0.85,78.1,2.75,1.6,0.05,1.7,1.4,6.95,0.65,0.45,0.9,0.0,0.6,0.65,41.8,0.1,1.75,187,29,39,,,5,0,0,0,0,0,1,0,0,0,0,0.6679363116460527,-3.0757440354585297
40,Christian Pulisic,Chelsea,6.563333333,6.206,0.245959588,1.666666667,0.0,1.233333333,82.36666667,0.566666667,0.533333333,0.0,0.3,0.4,6.563333333,0.7,1.166666667,1.1,0.1,0.933333333,1.966666667,18.76666667,0.133333333,0.333333333,179,24,40,Right Winger,32.0,6,0,0,0,0,0,0,1,0,90,60,1.4806977721023165,2.2404420869774144
41,Ché Adams,Southampton,6.693333333,6.386,0.278799669,0.666666667,0.0,1.6,67.86666667,0.566666667,1.066666667,0.066666667,0.6,0.333333333,6.693333333,0.933333333,0.7,1.266666667,0.4,1.1,2.266666667,16.5,0.033333333,0.633333333,175,26,41,Centre-Forward,22.0,1,0,1,0,0,0,0,0,0,100,40,2.674563259786114,2.295800631888854
42,Clément Lenglet,Tottenham,6.51,6.716,0.0,4.0,0.0,0.5,87.7,1.4,0.8,0.4,2.2,0.7,6.51,0.2,0.2,0.6,0.0,0.2,0.5,55.9,0.2,3.0,186,27,42,Centre-Back,12.0,0,1,0,0,0,0,0,0,0,30,40,-2.5262824834228796,-1.6302097695679316
43,Cody Gakpo,Liverpool,7.03,7.164,0.377094972,0.0,0.0,1.8,78.7,1.1,1.3,0.0,0.1,1.1,7.03,1.1,1.1,1.7,0.4,1.8,2.0,17.8,0.1,0.4,193,24,43,Left Winger,60.0,7,0,0,0,0,0,0,0,1,90,20,5.213010067436229,0.06523363233187715
44,Conor Gallagher,Chelsea,6.753333333,6.489,0.166092419,10.0,0.333333333,1.1,82.3,2.0,1.433333333,0.0,0.666666667,1.466666667,6.753333333,0.8,1.0,1.666666667,0.066666667,1.233333333,1.666666667,27.7,0.633333333,1.133333333,182,23,44,Central Midfield,32.0,5,0,0,0,0,0,1,0,0,40,40,2.9474000038191654,-1.8553407948321439
45,Craig Dawson,Wolverhampton,6.6025,6.475,0.067265215,3.25,0.5,0.7,81.225,0.8,0.775,0.375,3.925,0.275,6.6025,0.1,0.075,0.475,0.025,0.175,0.275,41.1,0.0,3.5,188,33,45,Centre-Back,2.5,0,1,0,0,0,0,0,0,0,30,40,-3.0719279804461173,-0.9792270961520291
46,Cristian Romero,Tottenham,6.86,6.878,0.024377031,8.5,0.5,0.35,87.2,2.65,1.45,0.2,3.45,0.55,6.86,0.3,0.45,0.55,0.05,0.3,0.65,59.25,0.0,2.8,185,25,46,Centre-Back,60.0,5,0,0,0,0,0,1,0,0,30,40,-1.2982067416852487,-4.105248039169299
47,Crysencio Summerville,Leeds,6.46,6.359,0.253878702,4.0,0.0,1.0,77.9,1.1,0.8,0.0,0.3,0.4,6.46,0.6,0.9,1.5,0.3,1.3,1.6,14.0,0.1,0.3,174,21,47,Right Winger,12.0,1,0,1,0,0,0,0,0,0,90,60,1.8624969762639694,2.2080402923364906
48,Curtis Jones,Liverpool,6.716666667,7.087,0.152070082,1.333333333,0.0,0.966666667,91.13333333,1.1,0.766666667,0.0,0.366666667,0.6,6.716666667,0.633333333,1.066666667,0.9,0.066666667,1.333333333,1.1,38.63333333,0.066666667,0.9,185,22,48,Central Midfield,17.0,6,0,0,0,0,0,0,1,0,40,40,1.291495140246439,-0.1619109694883134
49,César Azpilicueta,Chelsea,6.75,6.239,0.028150209,3.666666667,0.333333333,0.366666667,85.4,1.8,1.033333333,0.1,2.166666667,0.633333333,6.75,0.7,0.366666667,0.333333333,0.133333333,0.266666667,0.633333333,55.66666667,0.266666667,1.233333333,178,33,49,Right-Back,8.0,5,0,0,0,0,0,1,0,0,30,60,-1.189379600855017,-1.5302874317502966
50,Dan Burn,Newcastle,6.83,6.795,0.040172189,4.75,0.0,0.6,78.575,1.55,1.025,0.25,3.775,0.725,6.83,0.325,0.175,0.175,0.15,0.2,0.675,41.2,0.1,1.475,198,31,50,Left-Back,12.0,0,1,0,0,0,0,0,0,0,30,20,-1.5288488055360645,-1.8693222132051626
51,Dango Ouattara,Bournemouth,6.78,6.693,0.077854671,1.0,0.0,1.4,65.2,1.6,0.3,0.1,1.6,0.9,6.78,1.0,1.7,0.8,0.4,0.8,2.1,15.3,0.6,0.6,177,21,51,Right Winger,20.0,6,0,0,0,0,0,0,1,0,90,60,2.442209249548949,0.8891513182215078
52,Daniel Iversen,Leicester,6.26,6.29,0.0,0.0,0.0,0.0,48.3,0.0,0.0,0.0,0.8,0.0,6.26,0.0,0.0,0.0,0.0,0.0,0.0,27.1,0.0,4.0,193,25,52,Goalkeeper,2.0,2,0,0,1,0,0,0,0,0,10,40,-4.552321495400873,3.9729411601432223
53,Daniel Podence,Wolverhampton,6.653333333,6.381,0.195503029,3.333333333,0.0,1.3,74.1,0.666666667,0.566666667,0.0,0.1,0.666666667,6.653333333,1.133333333,1.233333333,0.933333333,0.133333333,1.066666667,1.433333333,21.9,0.433333333,1.2,165,27,53,Left Winger,20.0,6,0,0,0,0,0,0,1,0,90,20,1.8550096040727369,1.4073436900326686
54,Danilo,Nottingham Forest,6.71,6.776,0.274669379,1.0,0.0,1.2,64.3,1.4,0.3,0.2,1.4,1.5,6.71,0.7,1.1,0.2,0.2,0.6,1.5,17.5,0.0,1.1,176,22,54,Defensive Midfield,25.0,6,0,0,0,0,0,0,1,0,45,40,0.9074146752266163,0.8451707105999754
55,Danny Ward,Leicester,6.46,6.636,0.0,0.0,0.0,0.0,70.5,0.0,0.0,0.0,0.7,0.1,6.46,0.0,0.0,0.2,0.0,0.0,0.0,30.2,0.0,4.6,191,29,55,Goalkeeper,8.0,2,0,0,1,0,0,0,0,0,10,40,-4.024237246130139,2.341757320848664
56,Darwin Núñez,Liverpool,6.79,6.388,0.476190476,1.0,1.0,2.9,67.1,0.4,0.9,0.0,0.4,0.4,6.79,1.0,0.6,0.6,0.6,0.9,1.4,12.8,0.0,0.6,187,23,56,Centre-Forward,70.0,1,0,1,0,0,0,0,0,0,100,40,3.231696715325657,2.2881776750227116
57,David Raya,Brentford,6.885,6.901,0.0,1.0,0.0,0.0,62.6,0.0,0.0,0.0,0.6,0.05,6.885,0.05,0.0,0.15,0.0,0.0,0.05,39.4,0.0,10.75,183,27,57,Goalkeeper,25.0,2,0,0,1,0,0,0,0,0,10,40,-4.110736352526723,0.3884498229035839
58,Dean Henderson,Nottingham Forest,6.61,6.765,0.0,2.5,0.0,0.0,62.1,0.05,0.05,0.0,0.8,0.05,6.61,0.0,0.0,0.05,0.0,0.0,0.05,25.5,0.0,4.3,188,26,58,Goalkeeper,22.0,2,0,0,1,0,0,0,0,0,10,40,-3.741667222480392,1.958173723518109
59,Dejan Kulusevski,Tottenham,6.98,6.644,0.222316456,2.5,0.0,1.45,84.3,1.2,1.15,0.0,0.15,0.95,6.98,1.5,1.55,0.8,0.15,1.35,2.35,24.0,0.5,0.3,186,23,59,Right Winger,55.0,6,0,0,0,0,0,0,1,0,90,60,4.0747522012493125,-0.43519231566621874
60,Dele Alli,Besiktas,6.426666667,6.459,0.045592705,1.333333333,0.0,0.5,77.9,1.066666667,0.9,0.0,0.8,0.8,6.426666667,0.466666667,0.8,0.833333333,0.166666667,1.166666667,1.2,19.1,0.1,0.4,188,27,60,,,3,0,0,0,1,0,0,0,0,0,0,0.2748335485125078,1.8040015646120005
61,Demarai Gray,Everton,6.69,6.617,0.169890069,3.0,0.0,1.8,81.35,0.95,0.55,0.0,0.45,0.4,6.69,1.2,1.3,1.2,0.25,1.55,2.35,19.4,1.05,0.8,180,26,61,Left Winger,20.0,6,0,0,0,0,0,0,1,0,90,20,3.514959362284212,1.0060510075764155
62,Diego Costa,Wolverhampton,6.24,6.332,0.072115385,5.0,1.0,1.2,73.5,0.1,1.3,0.0,0.7,0.3,6.24,0.5,0.2,0.4,0.7,1.1,1.0,9.3,0.0,0.0,188,34,62,Centre-Forward,3.5,1,0,1,0,0,0,0,0,0,100,40,0.5707312235415692,3.0945971167713178
63,Diego Llorente,Roma,6.65,6.567,0.063271526,3.0,0.0,0.566666667,82.7,1.933333333,0.866666667,0.533333333,2.733333333,0.633333333,6.65,0.133333333,0.333333333,0.566666667,0.0,0.233333333,0.733333333,49.93333333,0.0,2.9,186,29,63,,,0,1,0,0,0,0,0,0,0,0,0,-2.297317696193508,-1.875893837150503
64,Diogo Jota,Liverpool,6.88,6.804,0.576036892,2.333333333,0.0,2.166666667,74.93333333,0.9,1.133333333,0.0,0.266666667,1.266666667,6.88,0.833333333,0.866666667,0.966666667,0.1,0.966666667,1.8,20.16666667,0.1,0.266666667,178,26,64,Left Winger,55.0,7,0,0,0,0,0,0,0,1,90,20,3.613569610242204,0.503898470144143
65,Dominic Solanke,Bournemouth,6.82,7.09,0.194035214,1.0,0.0,2.3,69.8,0.5,1.2,0.1,1.3,0.5,6.82,0.7,1.4,1.6,0.3,2.3,4.0,15.5,0.0,0.3,187,25,65,Centre-Forward,18.0,7,0,0,0,0,0,0,0,1,100,40,5.210396664727943,1.2831503199343222
66,Donny van de Beek,Manchester United,6.41,6.164,0.180353847,1.0,0.0,0.4,85.4,1.45,0.65,0.0,0.45,0.7,6.41,0.25,0.4,0.2,0.0,0.65,0.65,24.5,0.0,0.3,184,26,66,Central Midfield,17.0,3,0,0,0,1,0,0,0,0,40,40,-1.338580200252335,1.8005601431965417
67,Douglas Luiz,Aston Villa,6.786666667,7.108,0.074819991,7.0,0.666666667,0.8,86.4,1.733333333,1.366666667,0.033333333,0.8,1.2,6.786666667,0.966666667,0.7,1.266666667,0.033333333,0.633333333,1.1,43.93333333,0.433333333,2.366666667,175,25,67,Central Midfield,35.0,5,0,0,0,0,0,1,0,0,40,40,1.3384911929030934,-2.8239655171945035
68,Dwight McNeil,Everton,6.943333333,7.484,0.106602287,2.333333333,0.0,1.133333333,77.8,1.733333333,0.433333333,0.0,0.666666667,1.066666667,6.943333333,1.266666667,1.9,0.866666667,0.033333333,1.433333333,1.733333333,25.3,1.266666667,1.433333333,183,23,68,Left Winger,18.0,4,0,0,0,0,1,0,0,0,90,20,3.3773911635169305,-1.4163999466059956
69,Eberechi Eze,Crystal Palace,6.783333333,7.658,0.213997673,2.333333333,0.0,1.233333333,82.86666667,0.9,0.533333333,0.0,0.166666667,0.5,6.783333333,1.2,1.633333333,1.5,0.033333333,1.1,1.666666667,27.03333333,0.633333333,0.8,178,24,69,Attacking Midfield,30.0,6,0,0,0,0,0,0,1,0,65,40,3.0671185645905052,-0.360242242004904
70,Eddie Nketiah,Arsenal,6.463333333,6.305,0.439390845,2.0,0.0,1.166666667,80.6,0.333333333,0.8,0.0,0.233333333,0.133333333,6.463333333,0.466666667,0.533333333,0.733333333,0.166666667,0.5,1.0,8.2,0.033333333,0.033333333,175,24,70,Centre-Forward,25.0,1,0,1,0,0,0,0,0,0,100,40,0.45442516553590667,3.0695642359027007
71,Ederson,Manchester City,6.58,6.82,0.0,3.0,0.0,0.0,84.86666667,0.1,0.0,0.0,0.566666667,0.033333333,6.58,0.0,0.0,0.1,0.0,0.0,0.033333333,27.96666667,0.0,4.5,188,29,71,Goalkeeper,45.0,2,0,0,1,0,0,0,0,0,10,40,-3.7121656447468743,1.2227987677331769
72,Elliot Anderson,Newcastle,6.26,6.33,0.0,0.0,0.0,0.5,77.0,0.5,0.3,0.0,0.0,0.3,6.26,0.4,0.4,0.4,0.0,0.4,0.4,7.7,0.1,0.1,179,20,72,Attacking Midfield,3.5,3,0,0,0,1,0,0,0,0,65,40,-2.021228795011648,3.5012135433478
73,Emerson Royal,Tottenham,6.805,6.748,0.074286886,3.5,0.5,0.6,82.7,2.15,0.85,0.1,2.35,0.75,6.805,0.65,0.55,1.35,0.05,0.7,0.85,34.45,0.4,0.95,181,24,73,Right-Back,25.0,5,0,0,0,0,0,1,0,0,30,60,0.29753717539893487,-1.7475947516863382
74,Emiliano Buendía,Aston Villa,6.73,6.766,0.188309164,0.5,0.0,1.3,80.05,1.25,0.85,0.0,0.35,1.15,6.73,1.25,0.9,1.25,0.05,1.4,1.45,25.5,0.05,1.0,172,26,74,Right Winger,28.0,6,0,0,0,0,0,0,1,0,90,60,2.3742823031412197,0.3037297920421574
75,Emiliano Martínez,Aston Villa,6.836666667,7.088,0.0,4.0,0.0,0.0,68.4,0.033333333,0.0,0.0,0.5,0.066666667,6.836666667,0.066666667,0.0,0.2,0.0,0.0,0.033333333,30.13333333,0.0,6.166666667,195,30,75,Goalkeeper,28.0,2,0,0,1,0,0,0,0,0,10,40,-3.3820061448502954,0.5300969541653717
76,Emmanuel Dennis,Nottingham Forest,6.66,6.566,0.302802937,5.0,0.5,1.45,69.65,1.2,1.25,0.0,0.3,0.8,6.66,0.7,1.55,1.4,0.3,1.6,2.45,13.2,0.15,0.25,175,25,76,Centre-Forward,10.0,7,0,0,0,0,0,0,0,1,100,40,3.91061815808586,1.1476217336808316
77,Enzo Fernández,Chelsea,6.8,6.506,0.0,3.0,0.0,1.0,89.1,2.6,0.6,0.1,0.6,1.9,6.8,1.1,0.9,1.2,0.1,0.7,1.4,78.1,0.1,7.2,178,22,77,Defensive Midfield,85.0,5,0,0,0,0,0,1,0,0,45,40,0.45571155566738547,-3.4045236081544856
78,Ethan Pinnock,Brentford,7.01,7.083,0.05116178,0.5,0.0,0.45,77.6,1.65,0.25,0.65,5.9,0.3,7.01,0.3,0.2,0.35,0.0,0.2,0.3,40.3,0.1,1.8,187,30,78,Centre-Back,12.0,0,1,0,0,0,0,0,0,0,30,40,-2.8770064345609883,-2.774210167792529
79,Ezri Konsa,Aston Villa,6.586666667,6.741,0.042965159,4.333333333,0.666666667,0.433333333,86.66666667,0.9,0.466666667,0.533333333,3.433333333,0.133333333,6.586666667,0.133333333,0.166666667,1.466666667,0.0,0.166666667,0.4,40.0,0.033333333,1.566666667,183,25,79,Centre-Back,22.0,0,1,0,0,0,0,0,0,0,30,40,-2.5386921238370386,-1.4130004377236838
80,Fabian Schär,Newcastle,6.713333333,6.994,0.06144113,5.0,0.333333333,1.033333333,74.8,0.866666667,0.9,0.366666667,3.433333333,0.466666667,6.713333333,0.3,0.233333333,0.666666667,0.133333333,0.233333333,0.433333333,40.7,0.033333333,4.333333333,186,31,80,Centre-Back,10.0,0,1,0,0,0,0,0,0,0,30,40,-1.8313912130838925,-1.6709585618946947
81,Fabinho,Liverpool,6.843333333,6.907,0.064766839,8.0,0.0,0.5,88.8,1.8,1.3,0.233333333,1.366666667,1.2,6.843333333,0.4,0.266666667,0.866666667,0.0,0.3,0.633333333,58.0,0.0,2.5,188,29,81,Defensive Midfield,45.0,5,0,0,0,0,0,1,0,0,45,40,-0.6619018943231135,-3.3081312796446714
82,Facundo Buonanotte,Brighton,6.32,6.372,0.189473684,1.0,0.0,0.9,82.5,0.2,0.7,0.0,0.2,1.6,6.32,0.5,0.6,0.5,0.3,0.2,0.8,14.8,0.3,0.8,174,18,82,Attacking Midfield,9.0,3,0,0,0,1,0,0,0,0,65,40,-0.030069168248877162,2.4357290399032903
83,Felipe,Nottingham Forest,7.06,6.984,0.0,4.0,0.0,0.8,73.0,2.6,0.9,0.3,5.6,1.1,7.06,0.4,0.9,0.7,0.3,0.3,0.8,34.8,0.0,1.8,190,34,83,Centre-Back,3.0,0,1,0,0,0,0,0,0,0,30,40,-0.2828222774854695,-3.2371437927784497
84,Fraser Forster,Tottenham,6.636666667,6.566,0.0,0.666666667,0.0,0.0,59.13333333,0.066666667,0.033333333,0.0,1.533333333,0.066666667,6.636666667,0.0,0.0,0.266666667,0.0,0.0,0.033333333,26.26666667,0.0,4.766666667,201,35,84,Goalkeeper,1.5,2,0,0,1,0,0,0,0,0,10,40,-3.8824231253812864,2.0737683365062187
85,Fábio Vieira,Arsenal,6.32,6.439,0.185185185,0.0,0.0,0.7,84.2,0.3,0.1,0.0,0.1,0.1,6.32,0.6,0.3,0.2,0.0,0.4,0.6,12.4,0.2,0.2,170,23,85,Attacking Midfield,27.0,3,0,0,0,1,0,0,0,0,65,40,-1.5932756390619438,3.2992622448519255
86,Gabriel Jesus,Arsenal,7.216666667,7.074,0.409861037,3.0,0.0,2.4,83.56666667,0.8,1.2,0.0,0.266666667,0.633333333,7.216666667,1.233333333,1.7,1.566666667,0.533333333,1.633333333,2.633333333,25.66666667,0.066666667,0.466666667,175,26,86,Centre-Forward,75.0,7,0,0,0,0,0,0,0,1,100,40,6.276614155597488,-0.4728587080731058
87,Gabriel Magalhães,Arsenal,6.773333333,6.709,0.106037125,4.333333333,0.666666667,0.8,88.26666667,1.266666667,0.766666667,0.6,3.166666667,0.266666667,6.773333333,0.166666667,0.133333333,1.066666667,0.0,0.166666667,0.4,62.93333333,0.0,2.333333333,190,25,87,Centre-Back,50.0,0,1,0,0,0,0,0,0,0,30,40,-2.247033183681449,-2.8970508618900697
88,Gabriel Martinelli,Arsenal,6.923333333,7.302,0.358874473,1.333333333,0.333333333,1.8,80.66666667,0.766666667,0.833333333,0.0,0.3,0.5,6.923333333,1.133333333,1.4,0.666666667,0.2,1.1,1.966666667,18.5,0.433333333,0.566666667,178,21,88,Left Winger,70.0,7,0,0,0,0,0,0,0,1,90,20,3.569122706355936,0.19161927583470073
89,Gavin Bazunu,Southampton,6.44,6.328,0.0,0.0,0.0,0.0,55.9,0.0,0.0,0.0,1.2,0.0,6.44,0.0,0.0,0.1,0.0,0.0,0.0,32.1,0.0,7.3,189,21,89,Goalkeeper,18.0,2,0,0,1,0,0,0,0,0,10,40,-4.706259331447349,2.708033152963205
90,Gonçalo Guedes,Benfica,6.38,6.431,0.126760563,1.0,0.0,1.5,75.0,0.6,0.8,0.0,0.2,0.2,6.38,0.7,0.4,1.8,0.4,0.5,1.3,13.2,0.5,0.6,179,26,90,,,1,0,1,0,0,0,0,0,0,0,0,1.211232851342207,2.848155025635395
91,Granit Xhaka,Arsenal,6.78,7.094,0.075977352,7.333333333,0.666666667,0.9,87.8,1.233333333,1.033333333,0.066666667,1.1,0.833333333,6.78,1.0,0.466666667,1.0,0.066666667,0.666666667,0.8,56.9,0.166666667,2.7,186,30,91,Central Midfield,28.0,5,0,0,0,0,0,1,0,0,40,40,0.4195795618727225,-2.6577188675062557
92,Hakim Ziyech,Chelsea,6.693333333,6.364,0.141963631,2.333333333,0.0,1.566666667,77.9,0.833333333,0.833333333,0.033333333,0.2,0.666666667,6.693333333,1.2,0.933333333,0.933333333,0.2,0.8,1.333333333,24.7,0.666666667,0.966666667,180,30,92,Right Winger,18.0,6,0,0,0,0,0,0,1,0,90,60,1.8900631523942302,0.8945464222431709
93,Harrison Reed,Fulham,6.585,6.56,0.047235829,5.0,0.0,0.5,82.9,1.6,1.2,0.0,0.8,1.15,6.585,0.8,0.4,0.7,0.05,0.5,0.9,40.4,0.3,1.35,181,28,93,Central Midfield,15.0,5,0,0,0,0,0,1,0,0,40,40,-0.09393745408865142,-0.7653912801316155
94,Harry Kane,Tottenham,7.57,7.41,0.634479565,4.0,0.0,3.633333333,70.7,0.466666667,0.866666667,0.066666667,0.866666667,0.4,7.57,1.433333333,1.333333333,1.566666667,0.4,1.566666667,2.1,23.83333333,0.2,1.866666667,188,29,94,Centre-Forward,90.0,7,0,0,0,0,0,0,0,1,100,40,6.78763857677462,-1.3158252225945486
95,Harry Souttar,Leicester,6.64,6.647,0.0,2.0,0.0,0.7,81.4,1.3,0.4,0.3,3.8,0.9,6.64,0.3,0.3,0.4,0.1,0.0,0.3,45.7,0.0,1.8,198,24,95,Centre-Back,15.0,0,1,0,0,0,0,0,0,0,30,40,-2.5439931042966135,-1.0683849360909718
96,Harry Wilson,Fulham,6.45,6.913,0.174249758,1.0,0.0,0.6,80.2,0.7,0.4,0.0,0.4,0.4,6.45,0.4,0.4,1.1,0.1,0.5,0.7,12.8,0.1,0.7,173,26,96,Right Winger,13.0,3,0,0,0,1,0,0,0,0,90,60,-0.49292556454793396,2.099987589586633
97,Harvey Barnes,Leicester,6.8,6.657,0.360773188,1.666666667,0.0,2.133333333,74.83333333,0.866666667,0.8,0.0,0.3,0.666666667,6.8,0.8,1.133333333,1.0,0.166666667,1.233333333,2.1,22.43333333,0.166666667,0.433333333,174,25,97,Left Winger,32.0,6,0,0,0,0,0,0,1,0,90,20,3.188452079347751,1.2164087147604215
98,Harvey Elliott,Liverpool,6.545,6.552,0.028445006,0.5,0.0,1.35,83.45,0.65,0.4,0.0,0.25,0.9,6.545,1.1,0.45,0.9,0.05,0.35,1.05,35.15,0.35,1.0,170,20,98,Attacking Midfield,35.0,3,0,0,0,1,0,0,0,0,65,40,0.09404123472751441,0.9543125268387537
99,Hugo Bueno,Wolverhampton,6.46,6.343,0.0,1.0,0.0,0.2,84.6,1.6,0.3,0.0,1.5,0.8,6.46,0.8,0.7,0.4,0.1,0.5,0.8,24.4,0.9,0.3,180,20,99,Left-Back,200.0,3,0,0,0,1,0,0,0,0,30,20,-0.8405015030373816,0.9064763122645987
100,Hugo Lloris,Tottenham,6.71,6.404,0.0,0.666666667,0.0,0.0,73.2,0.0,0.0,0.0,0.733333333,0.033333333,6.71,0.033333333,0.0,0.1,0.0,0.0,0.066666667,23.03333333,0.0,4.433333333,188,36,100,Goalkeeper,4.0,2,0,0,1,0,0,0,0,0,10,40,-3.697267363384401,1.9402345223987707
101,Hwang Hee-Chan,Wolverhampton,6.43,6.542,0.250489729,1.5,0.0,0.8,79.55,0.85,0.85,0.0,0.2,0.75,6.43,0.4,0.8,1.05,0.05,0.8,1.25,15.2,0.1,0.45,177,27,101,Centre-Forward,12.0,3,0,0,0,1,0,0,0,0,100,40,0.5842833210443127,2.0432799973832516
102,Ibrahima Konaté,Liverpool,6.84,6.87,0.0,3.5,0.0,0.5,87.65,1.8,1.25,0.9,3.25,0.45,6.84,0.05,0.4,0.55,0.05,0.15,0.55,65.5,0.0,2.0,194,24,102,Centre-Back,35.0,0,1,0,0,0,0,0,0,0,30,40,-2.4162856497715777,-3.8094367877065305
103,Illan Meslier,Leeds,6.65,5.836,0.0,1.666666667,0.0,0.0,67.43333333,0.033333333,0.0,0.0,1.3,0.033333333,6.65,0.0,0.033333333,0.2,0.0,0.0,0.066666667,28.33333333,0.0,4.133333333,197,23,103,Goalkeeper,22.0,2,0,0,1,0,0,0,0,0,10,40,-4.016897849811099,2.335278324710933
104,Ivan Perisic,Tottenham,6.74,7.027,0.042613636,6.0,0.0,0.9,72.3,1.2,0.9,0.0,1.2,0.6,6.74,1.4,0.5,0.2,0.2,0.4,1.0,23.0,1.4,1.1,186,34,104,Left Midfield,10.0,4,0,0,0,0,1,0,0,0,40,20,0.9733534230412758,-0.6038301043583286
105,Ivan Toney,Brentford,7.265,6.895,0.490263163,8.5,0.0,2.75,60.45,0.85,1.55,0.0,1.2,0.65,7.265,1.05,0.6,2.3,0.8,1.35,3.15,22.25,0.15,0.4,179,27,105,Centre-Forward,50.0,7,0,0,0,0,0,0,0,1,100,40,6.8638078550543105,-0.3646167417190426
106,Jack Harrison,Leeds,6.78,6.602,0.219909879,2.333333333,0.0,1.2,71.66666667,1.5,0.866666667,0.033333333,0.533333333,1.1,6.78,1.433333333,1.366666667,0.8,0.166666667,1.766666667,2.566666667,26.1,0.866666667,0.733333333,175,26,106,Left Winger,22.0,6,0,0,0,0,0,0,1,0,90,20,3.7772040923657024,0.20520197587511785
107,Jack Stephens,Bournemouth,6.51,6.531,0.0,2.666666667,0.0,0.133333333,80.2,1.533333333,0.533333333,0.5,3.466666667,0.8,6.51,0.3,0.166666667,0.266666667,0.0,0.166666667,0.4,45.1,0.033333333,2.7,185,29,107,Centre-Back,5.0,0,1,0,0,0,0,0,0,0,30,40,-3.356325709014299,-1.1771980015905443
108,Jacob Murphy,Newcastle,6.496666667,6.834,0.155591929,2.333333333,0.0,0.933333333,69.06666667,1.133333333,0.533333333,0.066666667,0.5,0.6,6.496666667,0.6,0.766666667,0.566666667,0.1,0.733333333,0.9,14.03333333,0.4,0.5,179,28,108,Right Winger,10.0,3,0,0,0,1,0,0,0,0,90,60,0.1863358581984213,1.6793915790582938
109,Jacob Ramsey,Aston Villa,6.596666667,7.171,0.143063545,3.333333333,0.0,0.8,85.56666667,1.5,0.833333333,0.0,0.6,0.9,6.596666667,0.666666667,0.666666667,1.033333333,0.066666667,0.866666667,1.366666667,21.53333333,0.1,0.6,180,22,109,Central Midfield,32.0,6,0,0,0,0,0,0,1,0,40,40,1.0598602742835543,0.023324664836504066
110,Jaidon Anthony,Bournemouth,6.35,6.241,0.217566479,2.0,0.0,0.8,78.0,1.0,0.3,0.0,0.5,0.6,6.35,0.4,0.5,0.4,0.2,0.9,0.9,15.7,0.3,0.6,183,23,110,Left Winger,5.0,3,0,0,0,1,0,0,0,0,90,20,-0.40466573628500896,2.7575729528805715
111,James Garner,Everton,6.38,6.441,0.0,3.0,0.0,0.5,82.2,0.9,0.9,0.0,0.6,0.6,6.38,0.5,0.4,0.6,0.1,0.2,0.7,18.4,0.3,0.5,186,22,111,Defensive Midfield,14.0,3,0,0,0,1,0,0,0,0,45,40,-1.1127752888773983,1.5569177599023716
112,James Justin,Leicester,6.823333333,6.938,0.028985507,1.333333333,0.0,0.4,80.86666667,1.933333333,0.6,0.3,2.333333333,0.633333333,6.823333333,0.7,0.5,1.566666667,0.1,0.6,0.933333333,45.8,0.333333333,1.433333333,183,25,112,Right-Back,25.0,0,1,0,0,0,0,0,0,0,30,60,-0.17048436147895127,-1.783156005761032
113,James Maddison,Leicester,7.1,7.194,0.385090032,5.666666667,0.0,2.433333333,81.03333333,1.266666667,0.733333333,0.0,0.133333333,0.933333333,7.1,1.766666667,1.1,2.1,0.166666667,1.0,1.533333333,31.13333333,0.866666667,1.433333333,175,26,113,Attacking Midfield,55.0,7,0,0,0,0,0,0,0,1,65,40,5.029337780052479,-1.787185983164091
114,James Milner,Liverpool,6.47,6.12,0.0,2.333333333,0.0,0.366666667,84.2,1.0,0.633333333,0.033333333,0.566666667,0.7,6.47,0.6,0.233333333,0.466666667,0.0,0.366666667,0.533333333,26.8,0.433333333,1.033333333,175,37,114,Central Midfield,2.0,3,0,0,0,1,0,0,0,0,40,40,-1.5850762023344098,1.1611593959893773
115,James Tarkowski,Everton,6.98,6.969,0.027923885,7.666666667,0.0,0.666666667,73.43333333,1.633333333,0.933333333,0.366666667,4.9,0.5,6.98,0.333333333,0.2,0.633333333,0.1,0.1,0.5,37.23333333,0.033333333,3.633333333,185,30,115,Centre-Back,22.0,0,1,0,0,0,0,0,0,0,30,40,-1.833095328025254,-3.0842727265484227
116,James Ward-Prowse,Southampton,7.003333333,6.911,0.236467151,4.666666667,0.333333333,1.233333333,86.0,1.6,0.9,0.0,1.233333333,1.166666667,7.003333333,1.866666667,0.3,0.533333333,0.0,0.566666667,0.733333333,55.3,1.8,1.9,173,28,116,Central Midfield,38.0,4,0,0,0,0,1,0,0,0,40,40,1.9331171415507278,-3.283068238540859
117,Jamie Vardy,Leicester,6.796666667,6.462,0.456146025,1.333333333,0.0,1.8,64.46666667,0.333333333,0.633333333,0.033333333,0.8,0.266666667,6.796666667,0.633333333,0.5,0.466666667,0.9,0.366666667,1.2,9.933333333,0.066666667,0.2,179,36,117,Centre-Forward,4.0,1,0,1,0,0,0,0,0,0,100,40,2.1596714481458266,3.144427926079353
118,Jan Bednarek,Southampton,6.716666667,6.56,0.055240338,6.666666667,0.333333333,0.433333333,82.76666667,1.1,0.866666667,0.5,4.1,0.466666667,6.716666667,0.166666667,0.066666667,0.433333333,0.0,0.1,0.2,49.76666667,0.0,2.533333333,189,27,118,Centre-Back,14.0,0,1,0,0,0,0,0,0,0,30,40,-3.0263658518639196,-2.385203961145187
119,Jason Steele,Brighton,6.72,6.735,0.0,1.0,0.0,0.0,87.7,0.0,0.1,0.0,0.6,0.1,6.72,0.1,0.1,0.1,0.0,0.0,0.0,32.5,0.0,4.1,188,32,119,Goalkeeper,1.0,2,0,0,1,0,0,0,0,0,10,40,-3.3846706944097105,0.9097554606725489
120,Jean-Philippe Mateta,Crystal Palace,6.4,6.153,0.318431515,2.5,0.0,1.3,68.85,0.3,0.6,0.0,0.6,0.4,6.4,0.25,0.3,0.3,0.45,0.8,1.1,7.8,0.05,0.0,192,25,120,Centre-Forward,9.0,1,0,1,0,0,0,0,0,0,100,40,0.25367313070930775,3.8984638864179777
121,Jefferson Lerma,Bournemouth,6.69,6.844,0.142135186,7.0,0.0,0.9,82.0,1.4,1.0,0.1,2.4,0.7,6.69,0.5,0.4,0.9,0.1,0.4,0.6,42.4,0.1,1.2,179,28,121,Defensive Midfield,15.0,5,0,0,0,0,0,1,0,0,45,40,-0.34647220930463696,-1.3652698493803417
122,Jeffrey Schlupp,Crystal Palace,6.68,6.859,0.142430721,3.666666667,0.0,0.833333333,75.23333333,1.466666667,1.066666667,0.033333333,0.8,0.666666667,6.68,0.6,1.033333333,0.766666667,0.0,1.166666667,1.166666667,19.96666667,0.1,0.6,178,30,122,Left Midfield,8.0,6,0,0,0,0,0,0,1,0,40,20,1.0607198336627817,0.26016787121223683
123,Jesse Lingard,Nottingham Forest,6.54,6.462,0.357880139,1.666666667,0.0,1.233333333,84.36666667,0.533333333,0.7,0.0,0.1,0.433333333,6.54,0.733333333,0.533333333,0.766666667,0.2,0.766666667,1.166666667,21.76666667,0.166666667,0.5,175,30,123,Attacking Midfield,12.0,1,0,1,0,0,0,0,0,0,65,40,0.9891152783399015,2.039160986570706
124,Joachim Andersen,Crystal Palace,6.76,6.784,0.022124868,6.333333333,0.333333333,0.433333333,80.76666667,1.133333333,0.933333333,0.666666667,4.8,0.4,6.76,0.433333333,0.233333333,0.4,0.033333333,0.133333333,0.266666667,63.7,0.033333333,6.5,192,27,124,Centre-Back,32.0,0,1,0,0,0,0,0,0,0,30,40,-3.4149970030807664,-3.772764222157366
125,Joe Gelhardt,Sunderland,6.28,6.805,0.243902439,4.0,0.0,1.2,65.0,0.2,0.9,0.0,0.2,0.4,6.28,0.5,0.9,1.2,0.3,1.0,1.5,8.0,0.1,0.1,175,21,125,Centre-Forward,8.0,1,0,1,0,0,0,0,0,0,100,40,1.429651615439878,3.3168812901690305
126,Joe Rothwell,Bournemouth,6.44,6.598,0.0,2.0,0.0,0.2,87.6,1.0,0.9,0.0,0.4,0.7,6.44,0.4,0.8,0.2,0.0,0.2,0.4,21.5,0.4,1.0,185,28,126,Central Midfield,3.5,3,0,0,0,1,0,0,0,0,40,40,-1.4397921757784897,0.9460953416332446
127,Joe Willock,Newcastle,6.863333333,6.987,0.30911993,0.333333333,0.0,1.433333333,81.26666667,1.866666667,0.933333333,0.0,0.466666667,1.533333333,6.863333333,0.766666667,1.3,0.9,0.033333333,0.866666667,1.766666667,20.13333333,0.233333333,0.733333333,179,23,127,Central Midfield,30.0,6,0,0,0,0,0,0,1,0,40,40,2.7902156618898473,-0.46590180584437924
128,Joe Worrall,Nottingham Forest,6.56,6.63,0.042313117,6.0,0.0,0.2,78.0,1.8,0.9,0.3,3.7,0.3,6.56,0.2,0.1,0.1,0.0,0.1,0.2,36.3,0.0,2.7,193,26,128,Centre-Back,8.0,0,1,0,0,0,0,0,0,0,30,40,-3.2155315236580075,-1.2147252503348691
129,Joel Ward,Crystal Palace,6.643333333,6.923,0.013850416,6.333333333,0.0,0.266666667,75.43333333,1.7,1.0,0.366666667,3.1,0.7,6.643333333,0.3,0.5,0.533333333,0.0,0.4,0.933333333,39.4,0.166666667,1.666666667,188,33,129,Right-Back,2.0,0,1,0,0,0,0,0,0,0,30,60,-1.552901522971015,-1.7952480050995825
130,Joelinton,Newcastle,6.936666667,7.414,0.174762393,7.666666667,0.0,1.433333333,77.63333333,1.8,1.533333333,0.033333333,1.066666667,0.933333333,6.936666667,0.7,1.333333333,1.066666667,0.1,1.566666667,2.433333333,27.73333333,0.066666667,0.7,186,26,130,Attacking Midfield,38.0,7,0,0,0,0,0,0,0,1,65,40,3.6951375439124803,-1.8493475552429244
131,John McGinn,Aston Villa,6.953333333,7.039,0.067637468,8.666666667,0.0,1.2,80.23333333,2.166666667,1.3,0.033333333,0.633333333,1.333333333,6.953333333,1.033333333,1.333333333,2.1,0.0,0.9,1.6,33.73333333,0.533333333,2.833333333,178,28,131,Central Midfield,27.0,5,0,0,0,0,0,1,0,0,40,40,3.0778681798931884,-3.0088115866168015
132,John Stones,Manchester City,6.976666667,6.916,0.121331174,0.666666667,0.333333333,0.6,92.66666667,0.8,0.3,0.6,2.0,0.133333333,6.976666667,0.233333333,0.466666667,0.366666667,0.0,0.133333333,0.266666667,71.26666667,0.0,3.133333333,188,29,132,Centre-Back,30.0,0,1,0,0,0,0,0,0,0,30,40,-2.5154169380279545,-2.6499532999670956
133,Jonjo Shelvey,Nottingham Forest,6.503333333,6.193,0.041674988,4.666666667,0.333333333,1.166666667,77.56666667,0.966666667,0.966666667,0.0,1.133333333,0.9,6.503333333,0.9,0.533333333,0.233333333,0.0,0.3,0.6,40.06666667,0.533333333,5.033333333,184,31,133,Central Midfield,7.0,3,0,0,0,1,0,0,0,0,40,40,-1.1510466373115606,-0.24885511048806502
134,Jonny Evans,Leicester,6.69,6.529,0.046454856,3.333333333,0.0,0.2,85.63333333,1.1,0.7,0.533333333,3.433333333,0.3,6.69,0.233333333,0.133333333,0.5,0.033333333,0.033333333,0.233333333,60.7,0.0,3.633333333,188,35,134,Centre-Back,3.0,0,1,0,0,0,0,0,0,0,30,40,-3.3873926870425253,-2.0077245982256158
135,Jordan Henderson,Liverpool,6.756666667,6.77,0.040605877,1.666666667,0.0,0.733333333,85.9,1.0,0.533333333,0.233333333,0.633333333,0.733333333,6.756666667,0.9,0.433333333,0.333333333,0.066666667,0.266666667,0.533333333,64.2,0.366666667,3.0,182,32,135,Central Midfield,10.0,0,1,0,0,0,0,0,0,0,40,40,-1.1715839996776771,-1.4123505905951306
136,Jordan Pickford,Everton,6.646666667,6.632,0.0,2.666666667,0.0,0.0,53.8,0.0,0.0,0.0,1.066666667,0.033333333,6.646666667,0.066666667,0.0,0.133333333,0.0,0.0,0.0,30.9,0.0,8.166666667,185,29,136,Goalkeeper,25.0,2,0,0,1,0,0,0,0,0,10,40,-4.272861698178702,1.653869286350316
137,Jorginho,Arsenal,6.76,6.332,0.172540493,2.75,0.0,0.45,87.8,1.9,0.8,0.025,0.55,1.5,6.76,0.65,0.425,1.25,0.0,0.575,0.7,57.25,0.025,2.15,180,31,137,Defensive Midfield,35.0,5,0,0,0,0,0,1,0,0,45,40,-0.013349455731535405,-1.4654186313748532
138,Josh Dasilva,Brentford,6.45,6.229,0.263929619,1.0,0.0,0.5,83.0,0.5,0.4,0.0,0.2,0.3,6.45,0.3,0.9,0.7,0.0,0.8,0.8,16.0,0.2,0.5,184,24,138,Central Midfield,9.0,3,0,0,0,1,0,0,0,0,40,40,-0.49570884572697216,2.686691650737353
139,Josh Onomah,Preston,6.08,6.346,0.0,1.0,0.0,0.5,90.0,1.0,1.1,0.0,0.1,0.5,6.08,0.1,0.2,0.0,0.0,0.8,0.8,15.5,0.0,0.4,185,26,139,,,3,0,0,0,1,0,0,0,0,0,0,-1.9173580803050227,2.73457225627784
140,José Sá,Wolverhampton,6.705,6.586,0.0,2.5,0.0,0.0,64.25,0.05,0.05,0.0,0.8,0.05,6.705,0.05,0.1,0.25,0.0,0.0,0.1,26.25,0.0,3.85,192,30,140,Goalkeeper,18.0,2,0,0,1,0,0,0,0,0,10,40,-3.3973212337612644,1.7698942721971553
141,João Cancelo,Bayern Munich,7.256666667,7.055,0.082269622,5.0,0.666666667,1.533333333,86.4,2.133333333,1.0,0.233333333,0.766666667,1.066666667,7.256666667,1.133333333,1.7,0.8,0.133333333,0.766666667,1.233333333,70.86666667,0.566666667,2.833333333,182,29,141,,,4,0,0,0,0,1,0,0,0,0,0,2.4840035518622523,-4.66778770045651
142,João Félix,Chelsea,6.66,6.628,0.394304491,1.0,1.0,2.7,80.6,0.9,0.9,0.0,0.1,0.5,6.66,0.5,1.4,1.9,0.4,0.5,1.5,21.3,0.2,1.0,181,23,142,Second Striker,50.0,1,0,1,0,0,0,0,0,0,90,40,3.330602047158662,1.1589644601052924
143,João Gomes,Wolverhampton,6.63,6.631,0.158730159,5.0,0.0,0.4,78.1,2.6,1.4,0.0,1.0,0.9,6.63,0.5,0.7,1.6,0.0,0.4,0.7,27.4,0.1,0.9,173,22,143,Central Midfield,15.0,5,0,0,0,0,0,1,0,0,40,40,0.46472685999471697,-0.8921913071397833
144,João Moutinho,Wolverhampton,6.62,6.359,0.032007057,3.333333333,0.333333333,0.5,86.33333333,2.0,1.1,0.033333333,0.733333333,1.6,6.62,1.233333333,0.4,0.533333333,0.0,0.366666667,0.633333333,46.33333333,0.733333333,2.566666667,170,36,144,Central Midfield,2.0,5,0,0,0,0,0,1,0,0,40,40,-0.17538256294211554,-1.751338544588777
145,João Palhinha,Fulham,6.94,6.717,0.08931525,13.0,0.0,1.1,83.1,4.2,1.4,0.0,1.7,1.8,6.94,0.2,0.4,1.5,0.0,0.8,1.0,36.3,0.0,2.5,190,27,145,Defensive Midfield,35.0,5,0,0,0,0,0,1,0,0,45,40,1.3131969085538038,-4.346237683664693
146,Junior Firpo,Leeds,6.455,6.282,0.033657442,8.0,0.5,0.3,77.4,2.55,1.45,0.2,1.45,1.2,6.455,0.65,0.5,0.5,0.0,0.4,0.6,29.75,0.25,0.65,184,26,146,Left-Back,12.0,5,0,0,0,0,0,1,0,0,30,20,-0.8405595461206555,-1.3367701610909846
147,Kai Havertz,Chelsea,6.736666667,6.486,0.294302495,3.333333333,0.0,1.733333333,82.83333333,0.766666667,1.4,0.033333333,0.933333333,0.566666667,6.736666667,0.833333333,0.6,0.733333333,0.5,1.066666667,2.2,25.3,0.066666667,0.366666667,193,23,147,Attacking Midfield,60.0,1,0,1,0,0,0,0,0,0,65,40,2.87007320478578,0.9571616205605908
148,Kepa Arrizabalaga,Chelsea,6.666666667,6.728,0.0,0.666666667,0.0,0.0,79.26666667,0.033333333,0.0,0.0,1.066666667,0.033333333,6.666666667,0.0,0.0,0.2,0.0,0.0,0.1,29.23333333,0.0,4.233333333,189,28,148,Goalkeeper,15.0,2,0,0,1,0,0,0,0,0,10,40,-3.647488201760414,1.406362665658938
149,Kevin De Bruyne,Manchester City,7.62,7.554,0.380634593,1.333333333,0.0,2.6,81.66666667,1.133333333,0.8,0.0,0.366666667,1.0,7.62,3.066666667,1.3,1.0,0.1,0.966666667,1.466666667,46.1,1.533333333,2.5,181,31,149,Attacking Midfield,80.0,4,0,0,0,0,1,0,0,0,65,40,6.120205772856503,-3.9500073668315676
150,Kevin Schade,Brentford,6.46,6.449,0.0,2.0,0.0,0.7,62.8,0.7,0.8,0.0,0.2,0.3,6.46,0.5,0.7,0.5,0.4,0.5,1.4,8.7,0.2,0.0,183,21,150,Right Winger,20.0,1,0,1,0,0,0,0,0,0,90,60,0.11185960915099773,3.1328523912513053
151,Keylor Navas,Nottingham Forest,6.58,6.617,0.0,2.0,0.0,0.0,51.9,0.0,0.0,0.0,1.4,0.0,6.58,0.0,0.1,0.0,0.0,0.0,0.1,27.3,0.0,7.0,185,36,151,Goalkeeper,5.0,2,0,0,1,0,0,0,0,0,10,40,-4.296305161315357,2.1561152121606617
152,Kieffer Moore,Bournemouth,6.35,6.321,0.287310455,1.0,0.0,0.8,59.0,0.5,1.0,0.1,1.0,0.4,6.35,0.2,0.1,1.2,0.0,1.2,1.6,13.3,0.1,0.2,196,30,152,Centre-Forward,4.0,1,0,1,0,0,0,0,0,0,100,40,0.06778591110297183,3.223139585519361
153,Kieran Tierney,Arsenal,6.57,6.436,0.028665288,1.333333333,0.0,0.533333333,79.96666667,0.866666667,0.3,0.166666667,1.7,0.266666667,6.57,0.733333333,0.366666667,0.566666667,0.0,0.3,0.666666667,33.36666667,0.566666667,1.433333333,178,26,153,Left-Back,25.0,3,0,0,0,1,0,0,0,0,30,20,-1.6624598924717222,0.6348859703869033
154,Kieran Trippier,Newcastle,7.415,7.129,0.22311448,2.5,0.0,0.35,70.45,2.35,0.85,0.2,1.85,1.1,7.415,2.1,0.35,0.65,0.1,0.2,0.45,44.35,2.8,3.35,178,32,154,Right-Back,13.0,4,0,0,0,0,1,0,0,0,30,60,2.074682541362545,-4.635858271578574
155,Kyle Walker-Peters,Southampton,6.746666667,6.285,0.023103209,4.333333333,0.0,0.6,80.33333333,2.2,0.9,0.2,1.433333333,0.6,6.746666667,0.6,1.666666667,1.433333333,0.1,1.433333333,1.266666667,37.03333333,0.266666667,1.066666667,173,26,155,Right-Back,25.0,6,0,0,0,0,0,0,1,0,30,60,1.3068077040778647,-0.9181483806721157
156,Leander Dendoncker,Aston Villa,6.466666667,6.301,0.042796023,2.666666667,0.0,0.6,86.86666667,1.333333333,0.466666667,0.066666667,1.066666667,0.766666667,6.466666667,0.4,0.2,0.233333333,0.033333333,0.266666667,0.7,25.86666667,0.033333333,0.766666667,188,28,156,Defensive Midfield,17.0,3,0,0,0,1,0,0,0,0,45,40,-1.7853341425863616,0.9734237407883858
157,Leandro Trossard,Arsenal,6.8575,6.398,0.252135322,1.25,0.0,1.775,78.65,0.75,0.65,0.0,0.075,0.6,6.8575,1.325,1.075,0.825,0.25,1.65,1.975,27.5,0.625,1.525,172,28,157,Left Winger,30.0,6,0,0,0,0,0,0,1,0,90,20,3.27521775501755,0.9453119263622027
158,Leon Bailey,Aston Villa,6.495,6.403,0.153439956,3.5,0.0,1.35,73.25,0.65,0.8,0.0,0.2,0.4,6.495,0.65,0.95,0.6,0.25,1.45,1.6,11.9,0.45,0.55,178,25,158,Left Winger,25.0,1,0,1,0,0,0,0,0,0,90,20,1.6075871697612916,2.429974381960085
159,Lewis Cook,Bournemouth,6.41,6.142,0.0,4.0,0.0,0.2,81.8,1.3,0.5,0.0,1.0,0.9,6.41,0.9,0.3,0.4,0.0,0.6,0.5,25.1,0.6,0.8,175,26,159,Central Midfield,10.0,3,0,0,0,1,0,0,0,0,40,40,-1.316461060036669,0.9420211144333624
160,Lewis O'Brien,DC United,6.31,6.795,0.154905336,2.0,0.0,0.5,78.7,1.2,0.4,0.1,0.6,0.5,6.31,0.3,0.5,1.2,0.0,0.5,0.9,15.9,0.0,0.2,173,24,160,,,3,0,0,0,1,0,0,0,0,0,0,-0.8639882276165777,1.9269799529946157
161,Liam Cooper,Leeds,6.86,6.598,0.036149446,4.333333333,0.333333333,0.5,82.4,2.233333333,0.833333333,0.466666667,3.1,0.666666667,6.86,0.166666667,0.133333333,0.7,0.033333333,0.033333333,0.4,54.86666667,0.033333333,2.9,180,31,161,Centre-Back,5.0,0,1,0,0,0,0,0,0,0,30,40,-2.3205220951196117,-3.0502415404301537
162,Lloyd Kelly,Bournemouth,6.58,6.512,0.0,3.0,0.0,0.1,81.9,1.5,0.7,0.6,4.1,0.2,6.58,0.3,0.0,0.2,0.0,0.2,0.7,44.0,0.1,2.6,178,24,162,Centre-Back,15.0,0,1,0,0,0,0,0,0,0,30,40,-3.512556312678838,-1.4304601636715555
163,Lucas Digne,Aston Villa,6.8025,6.321,0.015946137,3.25,0.25,0.5,78.3,1.625,1.025,0.175,2.0,0.6,6.8025,1.425,0.35,0.8,0.1,0.6,0.8,36.025,1.25,0.975,178,29,163,Left-Back,17.0,4,0,0,0,0,1,0,0,0,30,20,0.34385680923447515,-1.3884796238194943
164,Luis Díaz,Liverpool,7.205,6.72,0.373443983,1.0,0.0,2.25,85.55,0.85,1.2,0.0,0.15,0.45,7.205,1.1,2.1,1.3,0.2,2.15,2.0,30.05,0.25,0.7,178,26,164,Left Winger,75.0,7,0,0,0,0,0,0,0,1,90,20,5.457417242285262,-0.4236430659782333
165,Lukasz Fabianski,West Ham,6.69,6.577,0.0,1.666666667,0.0,0.0,57.1,0.033333333,0.0,0.0,0.633333333,0.0,6.69,0.0,0.0,0.133333333,0.0,0.0,0.033333333,22.96666667,0.0,6.433333333,190,38,165,Goalkeeper,1.0,2,0,0,1,0,0,0,0,0,10,40,-3.9436079530422505,2.0709490428953945
166,Luke Ayling,Leeds,6.663333333,6.489,0.057001498,4.666666667,0.333333333,0.7,74.96666667,2.633333333,0.7,0.3,1.833333333,1.433333333,6.663333333,0.533333333,0.833333333,1.1,0.066666667,0.466666667,1.266666667,48.76666667,0.333333333,3.366666667,185,31,166,Right-Back,2.0,5,0,0,0,0,0,1,0,0,30,60,-0.25009448277650237,-2.1877135474618568
167,Mads Bech Sørensen,FC Groningen,6.27,6.102,0.0,3.0,0.0,0.2,81.4,0.7,0.7,0.2,2.2,0.1,6.27,0.6,0.0,0.4,0.0,0.0,0.2,39.2,0.3,1.7,189,24,167,,,3,0,0,0,1,0,0,0,0,0,0,-3.3380050262500314,1.1025307848042545
168,Manor Solomon,Fulham,6.53,6.287,0.667903525,0.0,0.0,0.5,86.2,1.2,0.3,0.0,0.1,0.3,6.53,0.3,1.1,0.2,0.1,0.6,0.7,10.4,0.1,0.2,170,23,168,Left Winger,18.0,1,0,1,0,0,0,0,0,0,90,20,0.22242643922536265,2.805704607103561
169,Marc Albrighton,West Bromwich,6.64,6.188,0.065696369,2.5,0.0,0.45,70.25,1.45,0.35,0.05,0.7,1.55,6.64,0.9,1.05,0.7,0.1,0.7,1.15,24.65,0.8,1.05,175,33,169,Right Midfield,1.0,6,0,0,0,0,0,0,1,0,40,60,0.5492070476926049,0.6028488753033878
170,Marc Cucurella,Chelsea,6.795,6.56,0.014553687,5.0,0.0,0.4,84.2,2.75,0.75,0.2,1.7,1.05,6.795,0.85,0.5,0.9,0.05,0.35,0.85,49.85,0.65,1.4,172,24,170,Left-Back,40.0,5,0,0,0,0,0,1,0,0,30,20,-0.2779775122892167,-2.5611276824860534
171,Marc Guéhi,Crystal Palace,6.73,6.921,0.041813183,6.0,0.0,0.45,86.35,1.2,0.5,0.55,3.55,0.2,6.73,0.25,0.35,1.0,0.0,0.2,0.4,61.75,0.0,4.25,182,22,171,Centre-Back,35.0,0,1,0,0,0,0,0,0,0,30,40,-2.740765524208462,-2.8173471344706735
172,Marc Roca,Leeds,6.5,6.364,0.038626609,7.0,0.0,1.1,79.4,2.1,1.3,0.1,0.7,1.4,6.5,1.0,0.5,0.9,0.0,0.8,0.8,37.8,0.4,2.1,184,26,172,Defensive Midfield,15.0,5,0,0,0,0,0,1,0,0,45,40,0.44566081954525777,-1.174294245062884
173,Marcos Senesi,Bournemouth,6.53,6.747,0.074812968,6.0,0.0,0.2,80.8,1.6,0.9,0.3,4.5,0.6,6.53,0.2,0.3,0.4,0.0,0.1,0.5,40.0,0.1,3.4,185,26,173,Centre-Back,17.0,0,1,0,0,0,0,0,0,0,30,40,-2.832435409955036,-1.6999078260735228
174,Marcus Tavernier,Bournemouth,6.95,7.26,0.25728988,1.0,0.0,1.6,77.3,1.4,0.9,0.1,0.7,0.9,6.95,0.8,2.0,1.2,0.2,1.7,2.0,25.9,0.9,0.8,178,24,174,Left Midfield,15.0,7,0,0,0,0,0,0,0,1,40,20,4.281528660478121,-0.6774729602976118
175,Mario Lemina,Wolverhampton,6.535,6.525,0.026392962,3.5,0.5,0.6,84.95,2.1,1.05,0.1,0.9,0.8,6.535,0.3,0.75,0.5,0.05,0.6,0.8,32.2,0.05,1.5,184,29,175,Defensive Midfield,10.0,5,0,0,0,0,0,1,0,0,45,40,-0.732032554694867,-0.5058142760549237
176,Martin _degaard,Arsenal,6.973333333,7.072,0.256219072,2.666666667,0.0,1.733333333,87.0,1.0,0.566666667,0.033333333,0.333333333,0.9,6.973333333,1.833333333,0.966666667,0.633333333,0.066666667,1.133333333,1.1,41.43333333,0.566666667,1.2,178,24,176,Attacking Midfield,80.0,4,0,0,0,0,1,0,0,0,65,40,2.7674476179941454,-1.3171362354686569
177,Mason Mount,Chelsea,7.073333333,6.194,0.256057815,3.333333333,0.0,2.033333333,84.0,1.6,1.166666667,0.0,0.3,0.833333333,7.073333333,1.833333333,0.8,1.0,0.1,1.133333333,1.766666667,37.16666667,1.2,1.1,181,24,177,Attacking Midfield,65.0,4,0,0,0,0,1,0,0,0,65,40,3.8620436357678654,-1.396158800426177
178,Mateo Kovacic,Chelsea,6.796666667,6.713,0.056308157,5.333333333,0.0,0.9,88.53333333,1.7,0.766666667,0.0,0.433333333,0.7,6.796666667,0.933333333,1.4,0.8,0.0,0.933333333,0.866666667,54.13333333,0.0,2.466666667,177,29,178,Central Midfield,40.0,5,0,0,0,0,0,1,0,0,40,40,0.7184309532085288,-1.6078888628953263
179,Mateusz Klich,DC United,6.44,6.862,0.096510977,5.5,0.0,1.15,81.1,1.25,1.25,0.0,0.45,1.25,6.44,1.1,0.5,0.55,0.15,0.65,1.15,35.75,0.25,1.15,183,32,179,,,5,0,0,0,0,0,1,0,0,0,0,0.888008064927091,-0.1592885548910681
180,Matheus Cunha,Wolverhampton,6.63,6.763,0.185185185,1.0,0.0,1.5,75.7,0.4,1.2,0.0,0.5,0.5,6.63,0.4,1.5,1.2,0.2,0.8,1.8,13.1,0.0,0.4,184,24,180,Centre-Forward,30.0,6,0,0,0,0,0,0,1,0,100,40,2.1199558779795504,1.8457116897121424
181,Matheus Nunes,Wolverhampton,6.62,6.806,0.036976171,2.0,1.0,0.8,82.1,2.0,1.1,0.0,0.9,1.0,6.62,0.8,1.3,1.4,0.1,1.1,1.2,28.1,0.3,2.4,184,24,181,Central Midfield,45.0,5,0,0,0,0,0,1,0,0,40,40,1.4548971185816837,-0.9632783842345259
182,Mathias Jensen,Brentford,6.615,6.721,0.0795053,2.5,0.0,0.6,75.95,1.5,0.75,0.0,0.5,1.5,6.615,1.2,0.55,0.45,0.05,0.7,1.15,27.85,1.2,2.6,180,27,182,Central Midfield,14.0,6,0,0,0,0,0,0,1,0,40,40,0.7232476104649985,-0.3852930308019252
183,Matt Targett,Newcastle,6.74,6.255,0.015690377,2.75,0.0,0.275,77.05,1.9,0.65,0.125,1.675,0.875,6.74,1.0,0.3,0.55,0.025,0.275,0.55,33.85,0.875,1.8,183,27,183,Left-Back,15.0,3,0,0,0,1,0,0,0,0,30,20,-0.9659851085516737,-0.832315671716367
184,Matty Cash,Aston Villa,6.806666667,6.652,0.035502959,5.666666667,0.333333333,0.533333333,75.6,2.3,1.033333333,0.2,2.2,0.8,6.806666667,0.6,0.633333333,0.8,0.1,0.533333333,1.033333333,32.83333333,0.6,1.633333333,185,25,184,Right-Back,22.0,5,0,0,0,0,0,1,0,0,30,60,0.021529298772937033,-1.9304776711693816
185,Matías Viña,Bournemouth,6.52,6.578,0.427553444,1.0,0.0,0.7,73.4,1.5,0.5,0.1,1.5,1.5,6.52,0.2,0.9,0.9,0.0,0.5,0.9,12.6,0.0,0.4,175,25,185,Left-Back,6.0,3,0,0,0,1,0,0,0,0,30,20,0.2116728022076839,1.2757520459588647
186,Maximilian Kilman,Wolverhampton,6.716666667,6.723,0.011156564,3.333333333,0.0,0.4,85.66666667,1.3,0.733333333,0.4,3.4,0.366666667,6.716666667,0.166666667,0.5,0.3,0.0,0.2,0.433333333,49.7,0.033333333,2.366666667,194,26,186,Centre-Back,25.0,0,1,0,0,0,0,0,0,0,30,40,-2.6193477058300108,-1.7551587832410644
187,Maximilian Wöber,Leeds,6.64,6.679,0.0,2.0,0.0,0.5,70.9,1.7,0.9,0.4,4.3,0.5,6.64,0.3,0.0,0.1,0.1,0.1,0.3,40.6,0.1,2.5,188,25,187,Centre-Back,12.0,0,1,0,0,0,0,0,0,0,30,40,-2.970915302438147,-1.1888806320978385
188,Michael Keane,Everton,6.82,7.002,0.09284257,2.0,0.333333333,0.766666667,77.93333333,0.933333333,0.5,0.533333333,4.366666667,0.433333333,6.82,0.266666667,0.2,0.233333333,0.0,0.133333333,0.3,42.96666667,0.033333333,3.266666667,191,30,188,Centre-Back,10.0,0,1,0,0,0,0,0,0,0,30,40,-2.7869352810125005,-2.019550236278087
189,Michael Olise,Crystal Palace,6.805,7.324,0.112831898,3.0,0.0,1.05,79.9,1.15,0.7,0.0,0.3,0.85,6.805,1.35,1.25,1.45,0.1,1.05,1.65,25.9,1.15,1.2,184,21,189,Right Winger,27.0,6,0,0,0,0,0,0,1,0,90,60,2.9832163886581693,-0.7557877558995305
190,Miguel Almirón,Newcastle,6.673333333,6.552,0.203128825,2.333333333,0.0,1.333333333,82.73333333,1.466666667,0.6,0.0,0.366666667,0.966666667,6.673333333,0.766666667,0.966666667,0.966666667,0.266666667,0.866666667,1.466666667,22.86666667,0.166666667,0.6,174,29,190,Right Winger,35.0,6,0,0,0,0,0,0,1,0,90,60,1.8035049523604416,0.8027310315034294
191,Mikkel Damsgaard,Brentford,6.34,6.384,0.0,3.0,0.0,0.5,72.2,1.2,0.5,0.0,0.4,1.1,6.34,0.4,0.3,0.4,0.0,0.2,0.5,13.8,0.2,0.4,180,22,191,Left Winger,15.0,3,0,0,0,1,0,0,0,0,90,20,-1.6555635272817506,1.94882539864682
192,Mohamed Elyounoussi,Southampton,6.545,6.599,0.10924308,4.0,0.0,1.25,69.9,1.3,1.05,0.0,1.0,0.85,6.545,0.75,0.85,0.55,0.05,1.25,1.65,18.85,0.2,0.5,178,28,192,Left Winger,12.0,6,0,0,0,0,0,0,1,0,90,20,1.2583408831944183,1.030369967062675
193,Mohamed Salah,Liverpool,7.246666667,7.368,0.641611416,1.0,0.0,3.533333333,80.63333333,0.5,0.466666667,0.0,0.166666667,0.333333333,7.246666667,1.666666667,1.266666667,0.733333333,0.433333333,2.2,2.933333333,31.43333333,0.233333333,0.566666667,175,30,193,Right Winger,70.0,7,0,0,0,0,0,0,0,1,90,60,6.8368166914918955,0.20574427997575395
194,Morgan Gibbs-White,Nottingham Forest,6.61,7.114,0.187104921,2.5,0.0,1.3,77.5,0.8,0.7,0.0,0.15,0.6,6.61,1.3,1.05,0.85,0.1,0.9,2.1,23.0,0.5,0.9,171,23,194,Attacking Midfield,30.0,6,0,0,0,0,0,0,1,0,65,40,2.252479928033795,0.8281452431596433
195,Morgan Sanson,Strasbourg,6.34,6.951,0.0,0.0,0.0,0.1,78.4,1.2,0.3,0.0,0.2,0.4,6.34,0.1,1.3,1.3,0.0,1.0,0.5,15.3,0.2,0.3,180,28,195,,,3,0,0,0,1,0,0,0,0,0,0,-0.6418835045043095,2.1393648398424046
196,Moussa Niakhaté,Nottingham Forest,6.5,6.469,0.0,1.0,0.0,0.5,75.6,1.2,0.9,0.2,4.1,0.7,6.5,0.1,0.0,0.4,0.0,0.1,0.4,20.8,0.0,1.2,190,27,196,Centre-Back,18.0,3,0,0,0,1,0,0,0,0,30,40,-2.8128295057344417,0.3687356731823876
197,Mykhailo Mudryk,Chelsea,6.31,6.313,0.0,1.0,0.0,0.9,81.5,0.7,0.5,0.0,0.1,0.6,6.31,0.7,0.9,0.8,0.1,0.7,1.9,12.3,0.3,0.3,175,22,197,Left Winger,60.0,3,0,0,0,1,0,0,0,0,90,20,0.24936824463413873,2.7493485166036296
198,N'Golo Kanté,Chelsea,6.94,6.875,0.033745782,3.333333333,0.0,0.7,85.23333333,2.4,0.9,0.0,0.5,0.733333333,6.94,1.166666667,1.3,0.3,0.033333333,0.766666667,1.6,49.03333333,0.133333333,1.666666667,168,32,198,Defensive Midfield,20.0,5,0,0,0,0,0,1,0,0,45,40,1.2088720967721556,-1.9719332115699806
199,Nathan Aké,Manchester City,6.743333333,7.369,0.119334894,2.0,0.0,0.366666667,91.73333333,1.033333333,0.633333333,0.4,1.8,0.133333333,6.743333333,0.166666667,0.033333333,0.333333333,0.0,0.1,0.366666667,67.23333333,0.0,1.233333333,180,28,199,Centre-Back,35.0,0,1,0,0,0,0,0,0,0,30,40,-2.41208307612107,-1.9633463372319542
200,Nathan Collins,Wolverhampton,6.705,6.395,0.053892216,2.0,1.0,0.45,78.6,1.5,0.9,0.2,3.7,0.45,6.705,0.2,0.3,0.5,0.1,0.25,0.45,38.3,0.05,2.5,193,22,200,Centre-Back,22.0,0,1,0,0,0,0,0,0,0,30,40,-2.17298014433365,-1.155819344443693
201,Nathan Patterson,Everton,6.51,6.312,0.0,3.0,0.0,0.4,79.9,2.6,0.7,0.2,1.9,1.3,6.51,0.3,0.6,0.7,0.1,0.5,1.2,24.8,0.2,0.6,189,21,201,Right-Back,14.0,3,0,0,0,1,0,0,0,0,30,60,-0.7760039157506367,-0.2625740199538154
202,Nathan Redmond,Besiktas,6.575,7.567,0.0765296,0.5,0.0,1.3,74.95,0.9,0.85,0.0,0.4,0.75,6.575,1.15,1.05,0.55,0.1,0.95,1.2,24.4,0.4,0.8,173,29,202,,,6,0,0,0,0,0,0,1,0,0,0,1.529498255837214,0.5383335954956276
203,Nathaniel Clyne,Crystal Palace,6.396666667,6.32,0.0,2.0,0.0,0.166666667,78.76666667,1.266666667,0.333333333,0.2,1.566666667,0.5,6.396666667,0.333333333,0.266666667,0.3,0.0,0.2,0.566666667,33.0,0.266666667,0.966666667,175,32,203,Right-Back,3.0,3,0,0,0,1,0,0,0,0,30,60,-2.6758609134616664,1.017683635212593
204,Neal Maupay,Everton,6.42,6.093,0.227629887,4.0,0.333333333,1.766666667,77.6,0.5,0.766666667,0.0,0.066666667,0.366666667,6.42,0.666666667,0.566666667,1.033333333,0.2,1.233333333,1.766666667,15.86666667,0.1,0.3,173,26,204,Centre-Forward,13.0,1,0,1,0,0,0,0,0,0,100,40,1.4955713357299874,2.652496868699187
205,Neco Williams,Nottingham Forest,6.6,6.687,0.047948855,7.0,0.0,0.8,66.8,2.3,1.1,0.1,1.2,1.1,6.6,0.5,0.6,0.9,0.1,0.5,1.0,19.5,0.6,1.3,183,22,205,Right-Back,18.0,5,0,0,0,0,0,1,0,0,30,60,0.3536511628001137,-0.5771075781800821
206,Neeskens Kebano,Fulham,6.39,6.319,0.0,0.0,0.0,0.5,79.8,1.0,0.5,0.0,0.2,0.5,6.39,0.8,0.5,0.9,0.1,0.7,0.9,11.1,0.3,0.1,170,31,206,Left Winger,3.0,3,0,0,0,1,0,0,0,0,90,20,-0.45086708563283295,2.4942578992171835
207,Neto,Bournemouth,6.76,6.719,0.0,4.0,0.0,0.0,56.0,0.1,0.0,0.0,0.9,0.0,6.76,0.0,0.0,0.1,0.0,0.0,0.0,25.8,0.0,6.4,190,33,207,Goalkeeper,2.5,2,0,0,1,0,0,0,0,0,10,40,-3.8465467714493617,1.4032418976951408
208,Nick Pope,Newcastle,6.793333333,6.779,0.0,1.666666667,0.333333333,0.0,49.3,0.0,0.033333333,0.0,1.266666667,0.066666667,6.793333333,0.1,0.0,0.133333333,0.0,0.0,0.066666667,23.26666667,0.0,7.233333333,191,31,208,Goalkeeper,18.0,2,0,0,1,0,0,0,0,0,10,40,-3.8306807353003527,1.4705412030466494
209,Noni Madueke,Chelsea,6.74,6.754,0.161290323,0.0,0.0,0.8,83.6,1.0,0.4,0.0,0.5,0.4,6.74,0.9,2.5,1.1,0.2,1.2,1.4,19.9,0.1,0.3,176,21,209,Right Winger,28.0,6,0,0,0,0,0,0,1,0,90,60,2.361698931027151,1.2212525559655667
210,Nélson Semedo,Wolverhampton,6.746666667,6.495,0.010040161,5.666666667,0.333333333,0.566666667,79.93333333,2.266666667,1.133333333,0.1,2.066666667,0.933333333,6.746666667,0.533333333,1.433333333,0.9,0.1,0.8,1.566666667,38.73333333,0.3,1.133333333,177,29,210,Right-Back,15.0,5,0,0,0,0,0,1,0,0,30,60,0.8647421332499159,-1.6704422196155275
211,Odsonne _douard,Crystal Palace,6.55,6.48,0.301688469,3.5,0.0,1.25,73.3,0.65,0.85,0.0,0.6,0.35,6.55,0.65,0.8,0.35,0.25,1.25,1.95,13.25,0.0,0.05,187,25,211,Centre-Forward,17.0,1,0,1,0,0,0,0,0,0,100,40,1.5761884917221862,2.4494052383222833
212,Oleksandr Zinchenko,Arsenal,6.916666667,6.647,0.014051522,1.0,0.0,0.866666667,89.43333333,1.366666667,0.466666667,0.3,1.033333333,0.6,6.916666667,0.866666667,0.466666667,0.233333333,0.066666667,0.433333333,0.7,65.56666667,0.3,1.8,175,26,212,Left-Back,40.0,0,1,0,0,0,0,0,0,0,30,20,-0.9125795600149497,-1.895063458117464
213,Oliver Skipp,Tottenham,6.475,6.273,0.031937544,6.5,0.0,0.25,89.05,1.6,0.95,0.0,0.55,0.85,6.475,0.4,0.35,0.8,0.05,0.65,0.75,39.6,0.05,1.15,175,22,213,Defensive Midfield,15.0,3,0,0,0,1,0,0,0,0,45,40,-0.9280530485537059,-0.11442736515547354
214,Ollie Watkins,Aston Villa,7.003333333,7.073,0.375724892,4.333333333,0.333333333,2.366666667,70.73333333,0.566666667,0.966666667,0.0,0.8,0.466666667,7.003333333,1.0,0.9,1.133333333,0.6,1.633333333,2.633333333,18.66666667,0.066666667,0.166666667,180,27,214,Centre-Forward,32.0,7,0,0,0,0,0,0,0,1,100,40,4.9594161216276715,0.7423090064579474
215,Orel Mangala,Nottingham Forest,6.47,6.635,0.060565276,3.0,0.0,0.3,81.4,1.0,0.8,0.0,0.5,0.6,6.47,0.1,0.6,0.8,0.0,0.3,0.4,18.8,0.0,0.5,178,25,215,Central Midfield,12.0,3,0,0,0,1,0,0,0,0,40,40,-1.3172806799448717,1.2992897768855598
216,Oriol Romeu,Girona,6.9,6.887,0.056497677,7.5,0.0,0.7,82.3,2.7,1.35,0.05,0.9,1.65,6.9,0.85,0.75,0.9,0.0,0.65,1.15,53.6,0.1,2.3,183,31,216,,,5,0,0,0,0,0,1,0,0,0,0,1.0839480547228508,-3.418445428173837
217,Pablo Sarabia,Wolverhampton,6.38,6.412,0.116580311,3.0,0.0,1.5,76.8,0.9,1.0,0.0,0.3,0.7,6.38,0.8,0.2,0.6,0.2,1.1,0.7,24.2,0.6,0.8,174,31,217,Right Winger,16.0,3,0,0,0,1,0,0,0,0,90,60,0.5509704768440026,1.6911187586376453
218,Pascal Struijk,Leeds,6.626666667,6.395,0.057036558,4.333333333,0.333333333,0.466666667,83.7,2.266666667,0.966666667,0.233333333,2.4,0.7,6.626666667,0.333333333,0.166666667,0.333333333,0.0,0.3,0.633333333,42.86666667,0.066666667,1.766666667,190,23,218,Left-Back,20.0,0,1,0,0,0,0,0,0,0,30,20,-1.9116572271797547,-1.4885883982093215
219,Patrick Bamford,Leeds,6.616666667,6.448,0.352275224,2.666666667,0.0,2.266666667,76.3,0.333333333,0.8,0.0,0.8,0.466666667,6.616666667,0.6,0.433333333,0.733333333,0.566666667,0.566666667,2.066666667,12.16666667,0.066666667,0.1,185,29,219,Centre-Forward,10.0,1,0,1,0,0,0,0,0,0,100,40,2.3111869159403287,2.6556836639442496
220,Patson Daka,Leicester,6.445,6.301,0.345878385,2.0,0.0,1.05,71.25,0.6,0.75,0.0,0.25,0.5,6.445,0.6,0.15,0.55,0.25,0.7,1.65,9.4,0.0,0.15,183,24,220,Centre-Forward,20.0,1,0,1,0,0,0,0,0,0,100,40,0.5979606180090051,3.1879428486207604
221,Pedro Neto,Wolverhampton,6.65,6.285,0.12299433,3.0,0.0,1.4,86.06666667,0.466666667,0.466666667,0.0,0.166666667,0.633333333,6.65,1.366666667,1.3,0.9,0.1,0.966666667,1.866666667,21.53333333,1.133333333,0.466666667,172,23,221,Right Winger,32.0,6,0,0,0,0,0,0,1,0,90,60,2.295446449339748,1.072231710190312
222,Pedro Porro,Tottenham,6.86,6.725,0.171755725,0.0,0.0,1.7,75.8,1.6,0.9,0.2,1.4,1.8,6.86,1.6,1.0,1.1,0.1,0.5,1.0,31.6,1.8,0.9,173,23,222,Right-Back,35.0,4,0,0,0,0,1,0,0,0,30,60,2.7585722330004625,-1.6925027818013247
223,Philip Billing,Bournemouth,6.82,6.694,0.233592881,5.0,0.0,1.1,79.0,1.7,0.8,0.1,1.4,0.8,6.82,0.7,0.7,0.9,0.1,1.0,1.2,27.1,0.2,0.6,193,26,223,Central Midfield,18.0,6,0,0,0,0,0,0,1,0,40,40,1.3002559473484534,-0.5994897396382254
224,Pierre-Emerick Aubameyang,Chelsea,6.546666667,5.981,0.298200781,2.0,0.0,1.866666667,74.36666667,0.433333333,0.6,0.0,0.366666667,0.4,6.546666667,0.566666667,0.233333333,0.433333333,0.433333333,0.433333333,1.033333333,14.2,0.133333333,0.233333333,187,33,224,Centre-Forward,7.0,1,0,1,0,0,0,0,0,0,100,40,0.5986902319391023,3.1508102058543455
225,Pierre-Emile Højbjerg,Tottenham,7.043333333,6.798,0.074601668,5.666666667,0.0,0.733333333,88.93333333,2.133333333,1.233333333,0.0,1.6,1.5,7.043333333,0.666666667,0.9,1.166666667,0.0,0.7,1.0,69.2,0.1,3.666666667,187,27,225,Central Midfield,45.0,5,0,0,0,0,0,1,0,0,40,40,0.8814663848205609,-3.910734096131223
226,Pontus Jansson,Brentford,6.67,6.542,0.102707135,3.5,0.0,0.45,80.45,0.75,0.3,0.45,4.1,0.25,6.67,0.05,0.15,0.15,0.1,0.1,0.25,33.25,0.0,1.1,194,32,226,Centre-Back,5.0,0,1,0,0,0,0,0,0,0,30,40,-3.1217906914620537,-0.31808987516914355
227,Raheem Sterling,Chelsea,7.043333333,6.575,0.400780296,3.0,0.0,1.866666667,83.3,0.7,0.866666667,0.0,0.1,0.266666667,7.043333333,1.3,1.733333333,1.2,0.333333333,2.1,1.933333333,28.46666667,0.233333333,0.2,172,28,227,Left Winger,60.0,7,0,0,0,0,0,0,0,1,90,20,4.8889953946169245,0.4758035605318068
228,Rasmus Kristensen,Leeds,6.63,6.305,0.144230769,4.0,0.0,0.5,68.0,2.4,0.8,0.2,2.2,1.3,6.63,0.3,0.3,0.2,0.0,0.2,0.2,31.4,0.2,1.1,187,25,228,Right-Back,15.0,3,0,0,0,1,0,0,0,0,30,60,-1.685529607055919,-0.6089330440955473
229,Reece James,Chelsea,7.083333333,6.939,0.117089813,3.666666667,0.333333333,1.166666667,89.56666667,1.633333333,0.8,0.133333333,1.1,0.5,7.083333333,1.466666667,1.3,0.933333333,0.166666667,0.8,0.866666667,53.1,1.033333333,2.133333333,182,23,229,Right-Back,70.0,4,0,0,0,0,1,0,0,0,30,60,2.094960424282248,-2.941735303956461
230,Remo Freuler,Nottingham Forest,6.37,6.469,0.0,4.0,0.0,0.3,79.6,1.5,0.9,0.0,1.5,0.9,6.37,0.4,0.2,0.4,0.0,0.3,0.7,29.6,0.1,0.8,181,31,230,Central Midfield,10.0,3,0,0,0,1,0,0,0,0,40,40,-1.7612083376395966,0.624989146955346
231,Renan Lodi,Nottingham Forest,6.55,6.517,0.0,7.0,0.0,0.6,71.2,1.9,1.0,0.2,2.2,1.2,6.55,0.5,0.6,1.5,0.1,0.5,0.7,24.3,0.4,1.3,173,25,231,Left-Back,20.0,5,0,0,0,0,0,1,0,0,30,20,-0.1703104233540926,-0.8269028141513829
232,Richarlison,Tottenham,6.793333333,6.45,0.22197175,5.333333333,0.333333333,1.933333333,68.8,1.166666667,0.9,0.0,0.8,0.7,6.793333333,0.766666667,1.166666667,1.733333333,0.566666667,1.366666667,2.166666667,16.43333333,0.166666667,0.366666667,184,26,232,Centre-Forward,55.0,7,0,0,0,0,0,0,0,1,100,40,3.9530464753425925,1.0805801892934424
233,Rico Henry,Brentford,6.585,6.559,0.048491379,3.0,0.0,0.5,74.65,1.15,0.75,0.2,1.7,0.55,6.585,0.55,0.75,0.9,0.05,1.05,1.3,28.3,0.6,1.1,170,25,233,Left-Back,22.0,3,0,0,0,1,0,0,0,0,30,20,-0.01772955291739904,0.3062287528325925
234,Roberto Firmino,Liverpool,6.933333333,6.436,0.506161662,1.666666667,0.0,1.8,79.96666667,0.933333333,0.433333333,0.0,0.2,0.666666667,6.933333333,0.933333333,1.0,0.333333333,0.166666667,1.166666667,1.833333333,27.43333333,0.066666667,0.466666667,181,31,234,Centre-Forward,22.0,6,0,0,0,0,0,0,1,0,100,40,2.645283897659235,1.0605766217933086
235,Robin Koch,Leeds,6.486666667,6.349,0.0,3.666666667,0.0,0.533333333,80.36666667,1.366666667,1.033333333,0.3,2.733333333,0.9,6.486666667,0.2,0.166666667,0.5,0.0,0.1,0.466666667,41.46666667,0.0,2.2,192,26,235,Centre-Back,18.0,0,1,0,0,0,0,0,0,0,30,40,-2.5400669906302906,-0.6958353359486122
236,Rodri,Manchester City,7.286666667,6.936,0.115106898,5.333333333,0.0,1.233333333,91.46666667,2.066666667,1.3,0.033333333,1.366666667,0.833333333,7.286666667,0.933333333,0.633333333,0.7,0.066666667,0.6,0.6,83.8,0.1,4.966666667,190,26,236,Defensive Midfield,80.0,5,0,0,0,0,0,1,0,0,45,40,0.749642806793921,-4.813783778606029
237,Rodrigo,Leeds,6.646666667,6.51,0.452028068,6.0,0.0,1.833333333,74.96666667,0.633333333,0.766666667,0.0,0.7,0.666666667,6.646666667,0.966666667,0.566666667,0.566666667,0.166666667,0.833333333,1.866666667,22.06666667,0.233333333,1.033333333,182,32,237,Centre-Forward,9.0,1,0,1,0,0,0,0,0,0,100,40,2.0507246220537674,1.235414885623958
238,Roméo Lavia,Southampton,6.59,6.642,0.041512915,9.0,0.0,0.4,86.4,2.0,1.0,0.0,0.8,1.1,6.59,0.6,1.0,1.7,0.0,1.1,0.8,34.6,0.1,1.6,181,19,238,Defensive Midfield,25.0,5,0,0,0,0,0,1,0,0,45,40,0.7981902356163503,-1.3524502091294888
239,Ruben Loftus-Cheek,Chelsea,6.643333333,6.45,0.015682175,1.666666667,0.0,0.8,86.16666667,1.0,0.7,0.0,0.7,0.433333333,6.643333333,0.666666667,1.433333333,1.6,0.066666667,1.233333333,1.466666667,32.43333333,0.1,0.533333333,191,27,239,Central Midfield,25.0,6,0,0,0,0,0,0,1,0,40,40,1.2840936690247189,0.7026420702916392
240,Ryan Christie,Bournemouth,6.58,6.895,0.050647158,2.0,0.0,1.1,82.6,1.1,1.1,0.0,0.5,1.1,6.58,1.0,1.2,1.4,0.0,1.0,1.5,18.9,0.4,0.7,178,28,240,Attacking Midfield,9.0,6,0,0,0,0,0,0,1,0,65,40,1.9671624884645122,0.2245337869864833
241,Ryan Fraser,Newcastle,6.356666667,6.435,0.040788579,1.333333333,0.333333333,0.8,77.93333333,0.3,0.366666667,0.0,0.3,0.3,6.356666667,0.966666667,0.1,1.1,0.066666667,0.266666667,0.8,13.96666667,1.0,0.233333333,163,29,241,Left Winger,8.0,3,0,0,0,1,0,0,0,0,90,20,-0.5731515012711322,2.3298942967727276
242,Ryan Fredericks,Bournemouth,6.24,6.108,0.052910053,1.333333333,0.0,0.1,75.03333333,0.4,0.5,0.033333333,1.433333333,0.233333333,6.24,0.433333333,0.166666667,0.3,0.033333333,0.2,0.266666667,15.56666667,0.2,0.166666667,181,30,242,Right-Back,2.0,3,0,0,0,1,0,0,0,0,30,60,-2.7284949681575785,3.060694007702564
243,Ryan Yates,Nottingham Forest,6.46,6.444,0.0,4.0,0.0,1.0,78.3,1.4,1.9,0.1,1.7,0.3,6.46,0.3,0.2,2.1,0.0,0.6,0.7,22.0,0.0,1.0,190,25,243,Central Midfield,8.0,3,0,0,0,1,0,0,0,0,40,40,-0.10266765572509069,0.19219690398440314
244,Rúben Dias,Manchester City,6.883333333,6.995,0.035503218,4.0,0.0,0.466666667,93.1,0.833333333,0.766666667,0.566666667,2.366666667,0.3,6.883333333,0.233333333,0.2,0.4,0.033333333,0.133333333,0.2,80.9,0.0,3.133333333,186,26,244,Centre-Back,75.0,0,1,0,0,0,0,0,0,0,30,40,-2.6900503368663395,-3.3306859621573177
245,Rúben Neves,Wolverhampton,6.88,6.879,0.161495663,9.666666667,0.0,1.7,84.13333333,2.266666667,1.066666667,0.066666667,1.633333333,1.5,6.88,0.866666667,0.566666667,0.466666667,0.0,0.433333333,0.766666667,57.5,0.233333333,5.833333333,180,26,245,Defensive Midfield,40.0,5,0,0,0,0,0,1,0,0,45,40,0.3790564460861048,-3.8095164663169423
246,Sam Johnstone,Crystal Palace,6.735,6.793,0.0,1.0,0.0,0.0,56.15,0.0,0.05,0.0,1.2,0.0,6.735,0.0,0.0,0.05,0.0,0.0,0.05,28.9,0.0,6.6,193,30,246,Goalkeeper,4.0,2,0,0,1,0,0,0,0,0,10,40,-3.97890819672802,1.6130311973905707
247,Sam Surridge,Nottingham Forest,6.09,6.0,0.293159609,2.0,0.0,0.5,51.4,0.3,0.6,0.0,0.3,0.2,6.09,0.1,0.1,0.5,0.2,0.2,0.7,3.9,0.0,0.1,191,24,247,Centre-Forward,3.5,1,0,1,0,0,0,0,0,0,100,40,-1.8205898019781854,5.293823804174852
248,Sasa Lukic,Fulham,6.15,6.212,0.0,1.0,0.0,0.4,87.9,0.7,1.1,0.0,0.3,0.3,6.15,0.0,0.3,0.6,0.0,0.1,0.2,18.0,0.0,0.5,183,26,248,Central Midfield,13.0,3,0,0,0,1,0,0,0,0,40,40,-2.4945413607200675,2.6420135013563146
249,Sean Longstaff,Newcastle,6.463333333,6.564,0.032452832,1.666666667,0.0,0.766666667,81.76666667,1.666666667,0.833333333,0.0,0.7,1.266666667,6.463333333,0.5,0.233333333,0.966666667,0.066666667,0.666666667,0.933333333,28.03333333,0.2,1.833333333,180,25,249,Central Midfield,22.0,3,0,0,0,1,0,0,0,0,40,40,-0.34338392563926484,0.4384062273577601
250,Shandon Baptiste,Brentford,6.275,6.135,0.049723757,0.5,1.0,0.35,85.6,0.65,0.4,0.0,0.5,0.4,6.275,0.45,0.6,0.5,0.0,0.45,0.85,13.1,0.1,0.5,175,25,250,Central Midfield,3.0,3,0,0,0,1,0,0,0,0,40,40,-1.6558420299992984,2.46502384776288
251,Son Heung-Min,Tottenham,7.24,6.967,0.497766736,1.333333333,0.0,2.2,83.86666667,0.666666667,0.4,0.0,0.133333333,0.866666667,7.24,1.933333333,1.166666667,1.166666667,0.466666667,1.4,1.833333333,26.43333333,1.033333333,0.566666667,184,30,251,Left Winger,60.0,7,0,0,0,0,0,0,0,1,90,20,5.6359363240047395,-0.4516223149073125
252,Stuart Armstrong,Southampton,6.556666667,6.576,0.127584948,3.333333333,0.0,1.3,81.46666667,1.3,0.633333333,0.033333333,0.466666667,0.966666667,6.556666667,0.866666667,1.3,0.833333333,0.033333333,1.366666667,1.566666667,28.43333333,0.3,0.666666667,183,31,252,Central Midfield,6.0,6,0,0,0,0,0,0,1,0,40,40,1.67012573619339,0.5909001525662084
253,Sven Botman,Newcastle,6.73,6.582,0.0,2.0,0.0,0.6,86.7,1.1,0.4,0.5,3.2,0.2,6.73,0.3,0.0,0.3,0.1,0.1,0.3,48.9,0.0,2.9,193,23,253,Centre-Back,45.0,0,1,0,0,0,0,0,0,0,30,40,-3.136021942504464,-1.313213944765832
254,Séamus Coleman,Everton,6.606666667,6.6,0.029283082,1.666666667,0.0,0.366666667,77.53333333,1.7,0.466666667,0.133333333,1.933333333,0.466666667,6.606666667,0.466666667,0.866666667,0.733333333,0.066666667,0.633333333,1.133333333,27.9,0.4,1.366666667,177,34,254,Right-Back,1.2,3,0,0,0,1,0,0,0,0,30,60,-0.712614039595755,0.2551647096680946
255,Taiwo Awoniyi,Nottingham Forest,6.46,6.658,0.612244898,2.0,0.0,1.3,67.2,0.6,0.9,0.0,0.7,0.2,6.46,0.3,0.2,0.7,0.6,1.0,2.4,7.8,0.0,0.0,183,25,255,Centre-Forward,20.0,1,0,1,0,0,0,0,0,0,100,40,2.270043199863564,3.747867856427737
256,Theo Walcott,Southampton,6.323333333,6.393,0.112013046,0.333333333,0.0,1.033333333,72.96666667,0.7,0.366666667,0.0,0.233333333,0.8,6.323333333,0.5,0.5,0.833333333,0.466666667,0.666666667,1.666666667,13.36666667,0.1,0.2,176,34,256,Right Winger,1.8,1,0,1,0,0,0,0,0,0,90,60,0.5312959121855783,3.436674951873071
257,Thiago Silva,Chelsea,6.993333333,6.715,0.064909205,2.333333333,0.333333333,0.566666667,92.36666667,1.133333333,0.466666667,0.566666667,3.566666667,0.3,6.993333333,0.2,0.133333333,0.533333333,0.0,0.066666667,0.233333333,80.63333333,0.0,4.9,183,38,257,Centre-Back,2.5,0,1,0,0,0,0,0,0,0,30,40,-3.1623857486680227,-3.781063217858909
258,Timothy Castagne,Leicester,6.746666667,6.602,0.058631828,1.666666667,0.0,0.366666667,82.3,2.266666667,0.666666667,0.2,2.066666667,0.833333333,6.746666667,0.666666667,0.3,0.4,0.066666667,0.433333333,0.933333333,43.53333333,0.366666667,1.1,185,27,258,Right-Back,28.0,3,0,0,0,1,0,0,0,0,30,60,-0.9410780290634734,-1.2969350428086626
259,Tom Cairney,Fulham,6.57,6.433,0.160298639,2.0,0.0,0.9,90.1,0.7,0.35,0.0,0.1,0.2,6.57,1.05,0.95,1.2,0.05,0.85,1.1,40.3,0.75,2.5,185,32,259,Central Midfield,2.0,6,0,0,0,0,0,0,1,0,40,40,0.5814865576361983,0.6997453252355678
260,Tom Davies,Everton,6.29,6.047,0.0,3.0,0.0,0.4,78.0,1.0,0.75,0.0,0.6,0.65,6.29,0.15,0.45,0.65,0.05,0.3,0.85,20.0,0.05,1.0,180,24,260,Central Midfield,12.0,3,0,0,0,1,0,0,0,0,40,40,-1.7614501509661031,2.25249544677325
261,Tosin Adarabioyo,Fulham,6.725,6.95,0.022567703,2.5,0.0,0.6,84.2,1.1,0.6,0.9,5.75,0.45,6.725,0.25,0.25,0.2,0.1,0.2,0.25,54.4,0.0,3.55,196,25,261,Centre-Back,15.0,0,1,0,0,0,0,0,0,0,30,40,-3.550894222733681,-3.068858671554529
262,Toti,Wolverhampton,6.83,6.775,0.046923879,3.5,0.0,0.3,79.05,1.85,0.75,0.3,3.1,0.4,6.83,0.15,0.95,0.55,0.2,0.35,0.6,40.0,0.15,1.3,187,24,262,Centre-Back,2.5,0,1,0,0,0,0,0,0,0,30,40,-1.159678177616318,-1.456207971127299
263,Trent Alexander-Arnold,Liverpool,7.21,7.529,0.061917412,3.0,0.0,1.366666667,78.7,1.466666667,0.533333333,0.366666667,1.066666667,0.833333333,7.21,2.266666667,0.766666667,0.233333333,0.166666667,0.6,1.033333333,65.16666667,2.166666667,5.2,175,24,263,Right-Back,65.0,4,0,0,0,0,1,0,0,0,30,60,1.9863166238085608,-4.53396508275257
264,Trevoh Chalobah,Chelsea,6.755,6.487,0.093039283,3.0,0.0,0.4,89.65,1.6,0.75,0.2,2.2,0.45,6.755,0.2,0.4,0.5,0.0,0.3,0.4,55.0,0.05,1.85,190,23,264,Centre-Back,22.0,0,1,0,0,0,0,0,0,0,30,40,-1.9207879176491764,-1.446645711250465
265,Tyrick Mitchell,Crystal Palace,6.663333333,6.691,0.01754386,2.333333333,0.333333333,0.133333333,71.3,2.766666667,0.566666667,0.2,2.2,0.733333333,6.663333333,0.4,0.5,0.433333333,0.066666667,0.6,1.033333333,35.36666667,0.4,1.4,175,23,265,Left-Back,28.0,3,0,0,0,1,0,0,0,0,30,20,-1.1681616437246631,-0.988380318040347
266,Tyrone Mings,Aston Villa,6.77,7.011,0.037993553,7.0,0.333333333,0.433333333,81.0,0.633333333,0.633333333,0.6,4.466666667,0.233333333,6.77,0.2,0.233333333,0.6,0.066666667,0.133333333,0.4,49.16666667,0.0,3.2,196,30,266,Centre-Back,25.0,0,1,0,0,0,0,0,0,0,30,40,-2.853686138535969,-2.6292231909155532
267,Vicente Guaita,Crystal Palace,6.64,6.84,0.0,1.666666667,0.0,0.0,64.0,0.0,0.0,0.0,0.866666667,0.0,6.64,0.0,0.0,0.133333333,0.0,0.0,0.0,25.83333333,0.0,5.633333333,190,36,267,Goalkeeper,1.5,2,0,0,1,0,0,0,0,0,10,40,-3.8812051582275124,1.7655347103904295
268,Virgil van Dijk,Liverpool,6.866666667,7.054,0.142009136,2.333333333,0.0,0.9,90.0,0.633333333,0.5,1.066666667,2.966666667,0.133333333,6.866666667,0.166666667,0.1,0.233333333,0.1,0.033333333,0.166666667,75.56666667,0.0,5.066666667,195,31,268,Centre-Back,45.0,0,1,0,0,0,0,0,0,0,30,40,-3.4240388594412168,-3.4987409056761103
269,Vitalii Mykolenko,Everton,6.635,6.505,0.042613636,2.0,0.0,0.45,74.5,1.8,0.95,0.2,2.35,0.7,6.635,0.6,0.25,0.65,0.0,0.25,0.85,27.0,0.5,1.05,180,24,269,Left-Back,22.0,3,0,0,0,1,0,0,0,0,30,20,-1.1379050041386556,-0.37929037173103053
270,Vitaly Janelt,Brentford,6.685,6.492,0.141575052,2.5,0.0,0.65,79.25,1.8,0.7,0.05,0.85,0.75,6.685,0.55,0.35,0.7,0.1,0.35,0.8,29.25,0.2,1.85,184,25,270,Defensive Midfield,16.0,3,0,0,0,1,0,0,0,0,45,40,-0.49755939009214484,0.08211284116163017
271,Wesley Fofana,Chelsea,6.85,6.48,0.026269702,4.0,0.0,0.4,88.33333333,1.866666667,1.033333333,0.533333333,3.133333333,0.666666667,6.85,0.2,0.466666667,1.2,0.033333333,0.366666667,0.766666667,64.9,0.033333333,1.966666667,190,22,271,Centre-Back,65.0,0,1,0,0,0,0,0,0,0,30,40,-1.502792906988972,-3.133753301082984
272,Weston McKennie,Leeds,6.44,6.388,0.0,7.0,0.0,0.6,77.9,1.5,1.1,0.0,1.4,1.1,6.44,0.7,0.6,0.3,0.1,1.3,1.4,31.7,0.2,1.6,183,24,272,Central Midfield,21.0,5,0,0,0,0,0,1,0,0,40,40,0.1079365317568505,0.11266966044595784
273,Wilfried Gnonto,Leeds,6.5,6.305,0.133234641,7.0,0.0,1.0,77.0,1.2,1.2,0.0,0.1,0.9,6.5,1.0,0.9,1.7,0.1,0.8,1.3,19.7,0.3,0.1,172,19,273,Left Winger,18.0,6,0,0,0,0,0,0,1,0,90,20,1.804360477646055,0.7258465440391435
274,Wilfried Zaha,Crystal Palace,6.896666667,6.605,0.369865371,5.0,0.333333333,2.166666667,79.83333333,1.1,1.166666667,0.0,0.133333333,0.566666667,6.896666667,1.133333333,2.033333333,2.966666667,0.633333333,2.966666667,3.633333333,24.8,0.266666667,0.333333333,180,30,274,Left Winger,27.0,7,0,0,0,0,0,0,0,1,90,20,7.944233778134975,0.5378410161977893
275,Will Hughes,Crystal Palace,6.38,6.447,0.0,5.0,0.0,0.3,83.5,1.45,0.9,0.0,0.45,0.45,6.38,0.4,0.3,0.65,0.0,0.45,0.65,21.85,0.25,0.8,185,28,275,Central Midfield,5.0,3,0,0,0,1,0,0,0,0,40,40,-1.3584245147023881,0.9796635201831883
276,William Saliba,Arsenal,6.77,6.807,0.074503311,4.0,0.0,0.2,91.0,1.3,0.7,0.5,3.0,0.1,6.77,0.2,0.3,0.5,0.0,0.2,0.6,69.0,0.0,2.4,192,22,276,Centre-Back,55.0,0,1,0,0,0,0,0,0,0,30,40,-2.663569777831771,-2.556092167940091
277,Willy Boly,Nottingham Forest,6.66,6.805,0.015957447,1.666666667,0.0,0.333333333,80.46666667,1.8,0.6,0.533333333,3.8,0.566666667,6.66,0.1,0.2,0.366666667,0.133333333,0.133333333,0.333333333,43.06666667,0.0,1.566666667,195,32,277,Centre-Back,4.0,0,1,0,0,0,0,0,0,0,30,40,-2.8181660702036524,-1.497813936826025
278,Wout Faes,Leicester,6.64,6.709,0.0,4.0,1.0,0.4,85.3,1.9,0.8,0.6,3.5,0.5,6.64,0.3,0.3,0.5,0.0,0.2,0.5,59.4,0.0,2.5,187,25,278,Centre-Back,20.0,0,1,0,0,0,0,0,0,0,30,40,-2.811497268006013,-3.044558364096411
279,Yoane Wissa,Brentford,6.515,6.497,0.455392157,1.0,0.0,1.0,70.65,0.4,0.4,0.0,0.3,0.35,6.515,0.35,0.55,0.65,0.35,0.45,1.1,8.8,0.0,0.2,176,26,279,Left Winger,15.0,1,0,1,0,0,0,0,0,0,90,20,0.5152973654007643,3.4505464825615166
280,Youri Tielemans,Leicester,6.92,6.518,0.161745861,4.333333333,0.0,1.366666667,82.33333333,2.266666667,1.033333333,0.0,0.766666667,1.6,6.92,1.133333333,0.9,1.1,0.0,0.766666667,1.2,55.9,0.466666667,2.5,176,26,280,Central Midfield,30.0,5,0,0,0,0,0,1,0,0,40,40,1.8833477952403868,-2.5324120535831796
281,Zanka,Brentford,6.4,6.457,0.087040619,1.5,0.0,0.25,80.45,1.1,0.85,0.1,1.9,0.45,6.4,0.25,0.0,0.15,0.05,0.25,0.1,28.7,0.15,1.3,191,33,281,Centre-Back,1.5,3,0,0,0,1,0,0,0,0,30,40,-2.61363135177307,1.0756794868579813
282,_lex Moreno,Aston Villa,6.71,6.74,0.0,3.0,0.0,0.7,79.4,1.2,0.9,0.3,1.6,1.2,6.71,1.2,1.2,0.6,0.0,0.8,2.0,30.5,0.8,0.5,179,30,282,Left-Back,20.0,6,0,0,0,0,0,0,1,0,30,20,1.2263616858973962,-1.0631995701158314
283,_douard Mendy,Chelsea,6.533333333,6.318,0.0,2.0,0.0,0.0,80.73333333,0.0,0.0,0.0,0.6,0.033333333,6.533333333,0.0,0.0,0.133333333,0.0,0.0,0.033333333,25.6,0.0,3.733333333,194,31,283,Goalkeeper,18.0,2,0,0,1,0,0,0,0,0,10,40,-3.8674977978659837,2.1210506879908775
